,Diet,Trophic.Level,Trophic.Level.Cat
Abalistes stellatus,Invertivore,3.4,3
Abudefduf abdominalis,Planktivore,3,2
Abudefduf bengalensis,Planktivore,3.1,3
Abudefduf concolor,Planktivore,2.7,2
Abudefduf conformis,Planktivore,2.8,2
Abudefduf notatus,Planktivore,2.7,2
Abudefduf saxatilis,Planktivore,3.4,3
Abudefduf septemfasciatus,Planktivore,3,2
Abudefduf sexfasciatus,Planktivore,2.4,1
Abudefduf sordidus,Planktivore,2.8,2
Abudefduf sparoides,Planktivore,3,2
Abudefduf troschelii,Planktivore,3,2
Abudefduf vaigiensis,Planktivore,2.6,2
Abudefduf whitleyi,Planktivore,2.6,2
Acanthaluteres brownii,Omnivore,2.8,2
Acanthaluteres spilomelanurus,Omnivore,2.9,2
Acanthaluteres vittiger,Omnivore,2,1
Acanthemblemaria crockeri,Invertivore,3.4,3
Acanthemblemaria hancocki,Invertivore,3.4,3
Acanthemblemaria spinosa,Invertivore,3.1,3
Acanthistius cinctus,Piscivore,4.1,5
Acanthistius ocellatus,Piscivore,4.1,5
Acanthistius pardalotus,Piscivore,4.1,5
Acanthistius patachonicus,Piscivore,4,4
Acanthistius sebastoides,Piscivore,4,4
Acanthistius serratus,Piscivore,4.1,5
Acanthochromis polyacanthus,Planktivore,2.7,2
Acanthocybium solandri,Piscivore,4.3,5
Acanthopagrus australis,Invertivore,3.1,3
Acanthopagrus latus,Invertivore,3.2,3
Acanthostracion quadricornis,Invertivore,3,2
Acanthurus achilles,Grazer,2,1
Acanthurus albipectoralis,Grazer,3.4,3
Acanthurus auranticavus,Grazer,2,1
Acanthurus bahianus,Grazer,2,1
Acanthurus bariene,Grazer,2,1
Acanthurus blochii,Grazer,2,1
Acanthurus chirurgus,Grazer,2,1
Acanthurus coeruleus,Grazer,2,1
Acanthurus dussumieri,Grazer,2,1
Acanthurus fowleri,Grazer,2,1
Acanthurus gahhm,Grazer,2.8,2
Acanthurus grammoptilus,Grazer,2.1,1
Acanthurus guttatus,Grazer,2,1
Acanthurus leucocheilus,Grazer,2,1
Acanthurus leucopareius,Grazer,2,1
Acanthurus leucosternon,Grazer,2,1
Acanthurus lineatus,Grazer,2,1
Acanthurus maculiceps,Grazer,2,1
Acanthurus mata,Omnivore,2.5,1
Acanthurus nigricans,Grazer,2,1
Acanthurus nigricauda,Grazer,3,2
Acanthurus nigrofuscus,Grazer,2,1
Acanthurus nigroris,Grazer,2,1
Acanthurus nubilus,Grazer,3.4,3
Acanthurus olivaceus,Grazer,2.2,1
Acanthurus pyroferus,Grazer,2,1
Acanthurus reversus,Grazer,2.2,1
Acanthurus sohal,Grazer,2,1
Acanthurus tennentii,Grazer,2,1
Acanthurus thompsoni,Planktivore,3.4,3
Acanthurus triostegus,Grazer,2.8,2
Acanthurus tristis,Grazer,2.2,1
Acanthurus xanthopterus,Grazer,2.9,2
Achoerodus gouldii,Invertivore,3.8,4
Achoerodus viridis,Invertivore,3.7,4
Aeoliscus strigatus,Invertivore,3.5,3
Aetapcus maculatus,Invertivore,3.5,3
Aethaloperca rogaa,Piscivore,4.2,5
Afurcagobius tamarensis,Invertivore,3.3,3
Aioliops megastigma,Planktivore,3.1,3
Aioliops novaeguineae,Planktivore,3,2
Alectis ciliaris,Piscivore,3.8,4
Alectis indica,Piscivore,4.09,5
Alloclinus holderi,Invertivore,3.5,3
Alphestes immaculatus,Invertivore,3.5,3
Aluterus scriptus,Omnivore,2.8,2
Amanses scopas,Omnivore,2.9,2
Ambassis jacksoniensis,Planktivore,3.1,3
Amblycirrhitus bimacula,Invertivore,3.5,3
Amblycirrhitus pinos,Invertivore,3.2,3
Amblyeleotris fasciata,Invertivore,3.3,3
Amblyeleotris guttata,Invertivore,3.4,3
Amblyeleotris gymnocephala,Invertivore,3.4,3
Amblyeleotris japonica,Invertivore,3.3,3
Amblyeleotris periophthalma,Invertivore,3.4,3
Amblyeleotris steinitzi,Invertivore,3.4,3
Amblyeleotris sungami,Grazer,3.3,3
Amblyeleotris wheeleri,Invertivore,3.4,3
Amblyglyphidodon aureus,Omnivore,2.7,2
Amblyglyphidodon curacao,Omnivore,2.6,2
Amblyglyphidodon flavilatus,Omnivore,2.7,2
Amblyglyphidodon indicus,Omnivore,2.7,2
Amblyglyphidodon leucogaster,Omnivore,3.4,3
Amblyglyphidodon melanopterus,Omnivore,2.7,2
Amblyglyphidodon orbicularis,Grazer,2.7,2
Amblyglyphidodon ternatensis,Omnivore,2.7,2
Amblygobius buanensis,Grazer,2.72,2
Amblygobius bynoensis,Omnivore,2.7,2
Amblygobius decussatus,Omnivore,2.7,2
Amblygobius nocturnus,Omnivore,2.7,2
Amblygobius phalaena,Omnivore,2.7,2
Ammodytes tobianus,Planktivore,3.1,3
Amphichaetodon howensis,Invertivore,2.8,2
Amphiprion akallopisos,Omnivore,2.7,2
Amphiprion akindynos,Omnivore,2.7,2
Amphiprion allardi,Omnivore,2.7,2
Amphiprion bicinctus,Omnivore,2.7,2
Amphiprion chrysopterus,Omnivore,2.8,2
Amphiprion clarkii,Planktivore,2.9,2
Amphiprion ephippium,Omnivore,2.7,2
Amphiprion frenatus,Omnivore,2.8,2
Amphiprion fuscocaudatus,Grazer,2.7,2
Amphiprion latezonatus,Omnivore,2.7,2
Amphiprion leucokranos,Grazer,2.7,2
Amphiprion mccullochi,Omnivore,2.7,2
Amphiprion melanopus,Omnivore,2.8,2
Amphiprion nigripes,Grazer,2.7,2
Amphiprion ocellaris,Omnivore,3,2
Amphiprion percula,Omnivore,2.7,2
Amphiprion perideraion,Omnivore,2.6,2
Amphiprion polymnus,Planktivore,2.7,2
Amphiprion rubrocinctus,Omnivore,2.6,2
Amphiprion sandaracinos,Omnivore,2.7,2
Anampses caeruleopunctatus,Invertivore,3.3,3
Anampses cuvier,Invertivore,3.4,3
Anampses elegans,Invertivore,3.5,3
Anampses femininus,Invertivore,3.5,3
Anampses geographicus,Invertivore,3.2,3
Anampses lennardi,Invertivore,3.5,3
Anampses lineatus,Invertivore,3.4,3
Anampses melanurus,Invertivore,3.4,3
Anampses meleagrides,Invertivore,3.5,3
Anampses neoguinaicus,Invertivore,3.5,3
Anampses twistii,Invertivore,3.5,3
Anarrhichthys ocellatus,Invertivore,3.5,3
Anisotremus caesius,Invertivore,3.4,3
Anisotremus davidsonii,Piscivore,3.5,3
Anisotremus interruptus,Invertivore,3.5,3
Anisotremus scapularis,Invertivore,3.3,3
Anisotremus surinamensis,Invertivore,3.3,3
Anisotremus taeniatus,Invertivore,4.2,5
Anisotremus virginicus,Invertivore,3.4,3
Anoplocapros amygdaloides,Invertivore,3.3,3
Anoplocapros inermis,Invertivore,3.4,3
Anoplocapros lenticularis,Invertivore,3.3,3
Anyperodon leucogrammicus,Piscivore,3.9,4
Aphareus furca,Piscivore,4.1,5
Aphareus rutilans,Piscivore,4.1,5
Aploactisoma milesii,Invertivore,3.4,3
Aplodactylus arctidens,Grazer,2,1
Aplodactylus etheridgii,Grazer,2,1
Aplodactylus lophodon,Grazer,2,1
Aplodactylus westralis,Grazer,2,1
Ostorhinchus apogonoides,Invertivore,3.5,3
Apogon atradorsatus,Invertivore,3.5,3
Apogon atricaudus,Invertivore,3.5,3
Apogon binotatus,Invertivore,3.4,3
Ostorhinchus chrysotaenia,Invertivore,3.6,4
Apogon dovii,Invertivore,3.4,3
Ostorhinchus fasciatus,Invertivore,3.6,4
Apogon imberbis,Planktivore,3.9,4
Apogon lachneri,Invertivore,3.4,3
Apogon maculatus,Invertivore,3.5,3
Ostorhinchus multilineatus,Invertivore,3.5,3
Apogon pacificus,Invertivore,3.4,3
Apogon retrosella,Invertivore,3.5,3
Ostorhinchus schlegeli,Invertivore,3.5,3
Apogon townsendi,Invertivore,3.4,3
Apogonichthyoides pseudotaeniatus,Planktivore,3.5,3
Apogonichthyoides timorensis,Invertivore,3.4,3
Apolemichthys trimaculatus,Invertivore,2.6,2
Aprion virescens,Piscivore,4,4
Aracana aurita,Invertivore,3.3,3
Aracana ornata,Invertivore,3.2,3
Archamia bleekeri,Planktivore,3.73,4
Arenigobius frenatus,Invertivore,2.8,2
Argyrosomus japonicus,Piscivore,4.5,5
Arnoglossus bassensis,Invertivore,3.6,4
Arothron caeruleopunctatus,Invertivore,3.226736111,3
Arothron diadematus,Invertivore,3.3,3
Arothron hispidus,Invertivore,3.1,3
Arothron manilensis,Invertivore,3.5,3
Arothron mappa,Omnivore,2.8,2
Arothron meleagris,Invertivore,3.4,3
Arothron nigropunctatus,Omnivore,3.3,3
Arothron stellatus,Invertivore,3.3,3
Arripis trutta,Piscivore,4.1,5
Arripis truttacea,Piscivore,4.1,5
Arripis xylabion,Piscivore,4.1,5
Artedius harringtoni,Invertivore,3.4,3
Aspasmogaster tasmaniensis,Invertivore,3.3,3
Aspidontus dussumieri,Grazer,2,1
Aspidontus taeniatus,Grazer,3.8,4
Assessor flavissimus,Invertivore,3.4,3
Assessor macneilli,Invertivore,3.4,3
Assessor randalli,Invertivore,3.5,3
Assiculus punctatus,Invertivore,3.6,4
Asterorhombus intermedius,Piscivore,4.2,5
Asterropteryx atripes,Grazer,3.2,3
Asterropteryx semipunctata,Grazer,2.36,1
Asterropteryx striata,Grazer,3.4,3
Atherina hepsetus,Grazer,3.2,3
Atherina presbyter,Grazer,3.7,4
Atherinomorus vaigiensis,Invertivore,3.2,3
Atractoscion aequidens,Piscivore,3.9,4
Atrosalarias holomelas,Grazer,3,2
Atule mate,Piscivore,4.5,5
Atypichthys latus,Invertivore,3.5,3
Atypichthys strigatus,Planktivore,3.4,3
Aulacocephalus temminckii,Piscivore,4,4
Aulorhynchus flavidus,Planktivore,3.4,3
Aulostomus chinensis,Piscivore,4.2,5
Aulostomus maculatus,Piscivore,4.3,5
Aulostomus strigosus,Piscivore,4.2,5
Austrolabrus maculatus,Invertivore,3.4,3
Axoclinus lucillae,Invertivore,2.7,2
Balistapus undulatus,Invertivore,3.4,3
Balistes capriscus,Invertivore,3.6,4
Balistes polylepis,Invertivore,3.3,3
Balistes vetula,Invertivore,3.4,3
Balistoides conspicillum,Invertivore,3.3,3
Balistoides viridescens,Invertivore,3.3,3
Bathygobius krefftii,Invertivore,2.8,2
Bathystethus cultratus,Invertivore,3.2,3
Belone belone,Piscivore,4.2,5
Belonoperca chabanaudi,Invertivore,4,4
Blenniella chrysospilos,Grazer,2.5,1
Bodianus albotaeniatus,Invertivore,3.130447761,3
Bodianus anthioides,Invertivore,3.4,3
Bodianus axillaris,Invertivore,3.4,3
Bodianus bilunulatus,Invertivore,3.4,3
Bodianus diana,Invertivore,3.5,3
Bodianus dictynna,Invertivore,3.5,3
Bodianus diplotaenia,Invertivore,3.4,3
Bodianus eclancheri,Invertivore,2.7,2
Bodianus frenchii,Invertivore,3.5,3
Bodianus loxozonus,Invertivore,3.6,4
Bodianus mesothorax,Invertivore,3.2,3
Bodianus perditio,Invertivore,3.5,3
Bodianus rufus,Invertivore,3.4,3
Bodianus scrofa,Invertivore,3.5,3
Bodianus unimaculatus,Invertivore,3.5,3
Bolbometopon muricatum,Microphage,2.7,2
Boops boops,Invertivore,3,2
Boopsoidea inornata,Grazer,3.3,3
Boreogadus saida,Invertivore,3.1,3
Bothragonus occidentalis,Invertivore,3.1,3
Bothus leopardinus,Piscivore,3.7,4
Bothus mancus,Piscivore,4.4,5
Bothus pantherinus,Piscivore,3.5,3
Bothus podas,Invertivore,3.4,3
Bovichtus angustifrons,Invertivore,3.6,4
Bovichtus argentinus,Invertivore,3.5,3
Brachaluteres jacksonianus,Grazer,2.9,2
Brachyistius frenatus,Invertivore,3.5,3
Bryaninops amplus,Invertivore,3.2,3
Bryaninops erythrops,Invertivore,3,2
Bryaninops loki,Planktivore,3.2,3
Bryaninops natans,Invertivore,3,2
Bryaninops nexus,Planktivore,3.1,3
Bryaninops yongei,Invertivore,3.087137681,3
Caesio caerulaurea,Planktivore,3.4,3
Caesio cuning,Planktivore,3.4,3
Caesio lunaris,Planktivore,3.4,3
Caesio striata,Planktivore,3.4,3
Caesio suevica,Planktivore,3.4,3
Caesio teres,Planktivore,3.4,3
Caesio varilineata,Planktivore,3.4,3
Caesio xanthonota,Planktivore,3.4,3
Caesioperca lepidoptera,Planktivore,3.1,3
Caesioperca rasor,Planktivore,3.6,4
Caesioscorpis theagenes,Planktivore,3,2
Caffrogobius nudiceps,Invertivore,3.4,3
Calamus bajonado,Invertivore,3.2,3
Calamus brachysomus,Invertivore,3.5,3
Calamus calamus,Invertivore,3.3,3
Calamus pennatula,Invertivore,3.5,3
Calamus taurinus,Invertivore,3.3,3
Callanthias australis,Planktivore,3.1,3
Calliclinus geniguttatus,Invertivore,3.4,3
Callionymus lyra,Invertivore,3.3,3
Calloplesiops altivelis,Invertivore,4,4
Calotomus carolinus,Microphage,2,1
Calotomus japonicus,Microphage,2,1
Calotomus spinidens,Microphage,2,1
Calotomus viridescens,Microphage,2,1
Cantherhines dumerilii,Corallivore,3.1,3
Cantherhines fronticinctus,Invertivore,3.5,3
Cantherhines longicaudus,Invertivore,3,2
Cantherhines macrocerus,Invertivore,3,2
Cantherhines pardalis,Invertivore,3.5,3
Cantherhines pullus,Omnivore,2.6,2
Cantherhines sandwichiensis,Invertivore,2.7,2
Cantheschenia grandisquamis,Omnivore,2.9,2
Canthidermis maculata,Invertivore,3.5,3
Canthidermis sufflamen,Invertivore,3.2,3
Canthigaster amboinensis,Omnivore,2.9,2
Canthigaster axiologus,Invertivore,2.9,2
Canthigaster bennetti,Grazer,2.5,1
Canthigaster callisterna,Omnivore,3,2
Canthigaster capistrata,Omnivore,3,2
Canthigaster compressa,Invertivore,3,2
Canthigaster coronata,Invertivore,3.1,3
Canthigaster epilampra,Invertivore,2.957118056,2
Canthigaster figueiredoi,Omnivore,3.1,3
Canthigaster jactator,Omnivore,2.9,2
Canthigaster janthinoptera,Omnivore,3.1,3
Canthigaster papua,Omnivore,3,2
Canthigaster punctatissima,Omnivore,3,2
Canthigaster rivulata,Omnivore,3,2
Canthigaster rostrata,Omnivore,3,2
Canthigaster smithae,Omnivore,3,2
Canthigaster valentini,Omnivore,2.8,2
Caprodon longimanus,Planktivore,3.9,4
Caracanthus maculatus,Invertivore,3.2,3
Caracanthus typicus,Invertivore,3.1,3
Caracanthus unipinna,Invertivore,3.6,4
Carangoides bajad,Piscivore,4.5,5
Carangoides chrysophrys,Piscivore,4.4,5
Carangoides ferdau,Piscivore,4.5,5
Carangoides fulvoguttatus,Piscivore,4.4,5
Carangoides gymnostethus,Piscivore,4.1,5
Carangoides plagiotaenia,Piscivore,4,4
Caranx caballus,Piscivore,4.1,5
Caranx caninus,Piscivore,3.9,4
Caranx crysos,Piscivore,4.4,5
Caranx ignobilis,Piscivore,4.2,5
Caranx latus,Piscivore,4.16,5
Caranx lugubris,Piscivore,4.5,5
Caranx melampygus,Piscivore,4.5,5
Caranx papuensis,Piscivore,4,4
Caranx sexfasciatus,Piscivore,4.5,5
Caulolatilus princeps,Piscivore,3.9,4
Centroberyx affinis,Piscivore,3.8,4
Centroberyx gerrardi,Piscivore,4.1,5
Centroberyx lineatus,Piscivore,4.2,5
Centrogenys vaigiensis,Piscivore,3.9,4
Centrolabrus exoletus,Invertivore,3.5,3
Centropogon australis,Invertivore,3.2,3
Centropyge acanthops,Grazer,2.9,2
Centropyge argi,Grazer,2,1
Centropyge bicolor,Omnivore,2.7,2
Centropyge bispinosa,Omnivore,2.8,2
Centropyge eibli,Omnivore,2.7,2
Centropyge ferrugata,Omnivore,2.8,2
Centropyge fisheri,Grazer,2.9,2
Centropyge flavissima,Grazer,2.8,2
Centropyge heraldi,Grazer,2.8,2
Centropyge hotumatua,Grazer,2.8,2
Centropyge joculator,Grazer,2.8,2
Centropyge loriculus,Grazer,2.8,2
Centropyge multispinis,Omnivore,2.8,2
Centropyge nox,Grazer,2.8,2
Centropyge tibicen,Grazer,2.8,2
Centropyge vrolikii,Grazer,2.8,2
Cephalopholis argus,Piscivore,4.5,5
Cephalopholis boenak,Piscivore,4.2,5
Cephalopholis cruentata,Piscivore,4.2,5
Cephalopholis cyanostigma,Piscivore,4.2,5
Cephalopholis formosa,Piscivore,4.1,5
Cephalopholis fulva,Piscivore,4.1,5
Cephalopholis hemistiktos,Piscivore,4.1,5
Cephalopholis leopardus,Piscivore,4,4
Cephalopholis microprion,Piscivore,4,4
Cephalopholis miniata,Piscivore,4.4,5
Cephalopholis panamensis,Piscivore,4.1,5
Cephalopholis sexmaculata,Piscivore,4.5,5
Cephalopholis sonnerati,Piscivore,3.8,4
Cephalopholis spiloparaea,Piscivore,4.1,5
Cephalopholis urodeta,Piscivore,4,4
Cetoscarus bicolor,Microphage,2,1
Cetoscarus ocellatus,Microphage,2,1
Chaetodermis penicilligerus,Omnivore,2.8,2
Chaetodipterus faber,Piscivore,4.5,5
Chaetodipterus zonatus,Omnivore,3.3,3
Chaetodon adiergastos,Corallivore,3.5,3
Chaetodon andamanensis,Corallivore,3.3,3
Chaetodon argentatus,Invertivore,2.6,2
Chaetodon assarius,Invertivore,2.7,2
Chaetodon aureofasciatus,Corallivore,3.3,3
Chaetodon auriga,Corallivore,3.2,3
Chaetodon auripes,Invertivore,3.3,3
Chaetodon austriacus,Corallivore,3.3,3
Chaetodon baronessa,Corallivore,3.3,3
Chaetodon bennetti,Corallivore,3.3,3
Chaetodon capistratus,Invertivore,3,2
Chaetodon citrinellus,Corallivore,3.1,3
Chaetodon collare,Corallivore,3.4,3
Chaetodon decussatus,Corallivore,2.6,2
Chaetodon dolosus,Invertivore,2.8,2
Chaetodon ephippium,Corallivore,3.1,3
Chaetodon falcula,Invertivore,3.5,3
Chaetodon fasciatus,Corallivore,3.3,3
Chaetodon flavirostris,Corallivore,3,2
Chaetodon guentheri,Corallivore,2.8,2
Chaetodon guttatissimus,Corallivore,3.1,3
Chaetodon humeralis,Invertivore,2.7,2
Chaetodon interruptus,Invertivore,3.3,3
Chaetodon kleinii,Corallivore,3.1,3
Chaetodon lineolatus,Corallivore,3.3,3
Chaetodon litus,Invertivore,3.3,3
Chaetodon lunula,Corallivore,3.4,3
Chaetodon lunulatus,Invertivore,3.3,3
Chaetodon madagaskariensis,Invertivore,3.1,3
Chaetodon marleyi,Invertivore,2.7,2
Chaetodon melannotus,Invertivore,3.3,3
Chaetodon mertensii,Invertivore,3,2
Chaetodon meyeri,Corallivore,3.3,3
Chaetodon miliaris,Planktivore,3,2
Chaetodon multicinctus,Corallivore,3.3,3
Chaetodon ocellatus,Corallivore,3.2,3
Chaetodon ocellicaudus,Invertivore,3.3,3
Chaetodon octofasciatus,Invertivore,2.6,2
Chaetodon ornatissimus,Corallivore,3.3,3
Chaetodon oxycephalus,Corallivore,3.5,3
Chaetodon paucifasciatus,Corallivore,3.2,3
Chaetodon pelewensis,Corallivore,2.9,2
Chaetodon plebeius,Corallivore,3.3,3
Chaetodon punctatofasciatus,Invertivore,3.3,3
Chaetodon quadrimaculatus,Corallivore,3.3,3
Chaetodon rafflesii,Corallivore,3.3,3
Chaetodon rainfordi,Corallivore,2.8,2
Chaetodon reticulatus,Corallivore,2.6,2
Chaetodon sedentarius,Invertivore,2.8,2
Chaetodon semeion,Invertivore,2.7,2
Chaetodon semilarvatus,Invertivore,3.5,3
Chaetodon speculum,Corallivore,3.6,4
Chaetodon striatus,Invertivore,3.2,3
Chaetodon triangulum,Corallivore,3.3,3
Chaetodon trichrous,Invertivore,3.2,3
Chaetodon tricinctus,Invertivore,3.3,3
Chaetodon trifascialis,Corallivore,3.3,3
Chaetodon trifasciatus,Corallivore,3.3,3
Chaetodon ulietensis,Invertivore,3.3,3
Chaetodon unimaculatus,Invertivore,3.1,3
Chaetodon vagabundus,Corallivore,3.3,3
Chaetodon wiebeli,Invertivore,2.7,2
Chaetodon xanthocephalus,Invertivore,3,2
Chaetodon xanthurus,Invertivore,2.8,2
Chaetodon zanzibarensis,Corallivore,3.3,3
Chaetodontoplus conspicillatus,Invertivore,2.6,2
Chaetodontoplus duboulayi,Invertivore,2.7,2
Chaetodontoplus meredithi,Invertivore,3,2
Chaetodontoplus mesoleucus,Invertivore,2.7,2
Chaetodontoplus personifer,Invertivore,2.7,2
Chaetodontoplus septentrionalis,Invertivore,2.7,2
Chanos chanos,Grazer,2,1
Cheilinus abudjubbe,Invertivore,3.5,3
Cheilinus chlorourus,Invertivore,3.4,3
Cheilinus fasciatus,Invertivore,3.4,3
Cheilinus lunulatus,Invertivore,3.6,4
Cheilinus oxycephalus,Invertivore,3.3,3
Cheilinus trilobatus,Invertivore,3.5,3
Cheilinus undulatus,Invertivore,4,4
Cheilio inermis,Invertivore,4,4
Cheilodactylus fasciatus,Invertivore,3.4,3
Cheilodactylus pixi,Invertivore,3.2,3
Cheilodipterus arabicus,Planktivore,3.5,3
Cheilodipterus artus,Planktivore,4.1,5
Cheilodipterus intermedius,Planktivore,4.1,5
Cheilodipterus lachneri,Planktivore,3.9,4
Cheilodipterus macrodon,Planktivore,4,4
Cheilodipterus nigrotaeniatus,Planktivore,3.7,4
Cheilodipterus parazonatus,Invertivore,3.829677949,4
Cheilodipterus quinquelineatus,Planktivore,3.8,4
Cheilodipterus singapurensis,Planktivore,4.1,5
Cheiloprion labiatus,Corallivore,3.3,3
Chelidonichthys capensis,Piscivore,4.2,5
Chelmon marginalis,Corallivore,3.5,3
Chelmon rostratus,Invertivore,3.5,3
Chelmonops curiosus,Invertivore,3.3,3
Chelmonops truncatus,Invertivore,2.8,2
Chelon labrosus,Omnivore,2.6,2
Chilomycterus antennatus,Invertivore,3.4,3
Chilomycterus reticulatus,Invertivore,3.5,3
Chirodactylus brachydactylus,Invertivore,3.5,3
Chirolophis ascanii,Invertivore,3.2,3
Chironemus marmoratus,Invertivore,3.5,3
Chironemus microlepis,Grazer,3.455555556,3
Chlorurus atrilunula,Microphage,2,1
Chlorurus bleekeri,Microphage,2,1
Chlorurus bowersi,Microphage,2,1
Chlorurus capistratoides,Microphage,2,1
Chlorurus frontalis,Microphage,2,1
Chlorurus gibbus,Microphage,2,1
Chlorurus japanensis,Microphage,2,1
Chlorurus microrhinos,Microphage,2,1
Chlorurus rhakoura,Microphage,2,1
Chlorurus sordidus,Microphage,2,1
Chlorurus spilurus,Microphage,3.130447761,3
Chlorurus strongylocephalus,Microphage,2,1
Choerodon anchorago,Invertivore,3.9,4
Choerodon azurio,Invertivore,3.5,3
Choerodon cauteroma,Invertivore,3.5,3
Choerodon cephalotes,Invertivore,3.4,3
Choerodon cyanodus,Invertivore,3.6,4
Choerodon fasciatus,Invertivore,3.4,3
Choerodon graphicus,Invertivore,3.5,3
Choerodon jordani,Invertivore,3.5,3
Choerodon monostigma,Invertivore,3.508333333,4
Choerodon rubescens,Invertivore,3.6,4
Choerodon schoenleinii,Invertivore,3.4,3
Choerodon vitta,Invertivore,3.4,3
Chromis alpha,Planktivore,3,2
Chromis alta,Planktivore,3.4,3
Chromis analis,Planktivore,3,2
Chromis atripectoralis,Planktivore,3.1,3
Chromis chromis,Planktivore,3,2
Chromis chrysura,Planktivore,3,2
Chromis cinerascens,Planktivore,2.7,2
Chromis crusma,Planktivore,3,2
Chromis flavaxilla,Planktivore,3.4,3
Chromis flavomaculata,Planktivore,3,2
Chromis fumea,Planktivore,3.4,3
Chromis hypsilepis,Planktivore,2.7,2
Chromis insolata,Planktivore,3.4,3
Chromis klunzingeri,Planktivore,2.7,2
Chromis limbata,Planktivore,3.4,3
Chromis limbaughi,Planktivore,3.4,3
Chromis nitida,Planktivore,2.7,2
Chromis notata,Planktivore,3.4,3
Chromis opercularis,Planktivore,2.7,2
Chromis ovalis,Planktivore,3.1,3
Chromis pamae,Planktivore,3.4,3
Chromis pelloura,Planktivore,2.72,2
Chromis pembae,Planktivore,2.7,2
Chromis punctipinnis,Planktivore,2.7,2
Chromis randalli,Planktivore,3,2
Chromis scotochiloptera,Planktivore,3.4,3
Chromis scotti,Planktivore,3.4,3
Chromis ternatensis,Planktivore,3.4,3
Chromis viridis,Planktivore,2.5,1
Chromis weberi,Planktivore,3.4,3
Chromis westaustralis,Planktivore,2.7,2
Chromis xanthochira,Planktivore,2.7,2
Chromis xanthura,Planktivore,3.4,3
Chromis xutha,Planktivore,3,2
Chrysiptera biocellata,Grazer,2,1
Chrysiptera brownriggii,Grazer,2.7,2
Chrysiptera cyanea,Omnivore,2.5,1
Chrysiptera flavipinnis,Omnivore,2.7,2
Chrysiptera galba,Grazer,2.7,2
Chrysiptera glauca,Omnivore,2.4,1
Chrysiptera hemicyanea,Planktivore,2.653981894,2
Chrysiptera notialis,Omnivore,2.7,2
Chrysiptera oxycephala,Planktivore,2.73,2
Chrysiptera parasema,Omnivore,3.4,3
Chrysiptera rapanui,Omnivore,2.7,2
Chrysiptera rex,Omnivore,2.5,1
Chrysiptera rollandi,Omnivore,2.7,2
Chrysiptera springeri,Planktivore,2.68,2
Chrysiptera starcki,Omnivore,2.8,2
Chrysiptera talboti,Omnivore,2.8,2
Chrysiptera taupou,Omnivore,2.7,2
Chrysiptera traceyi,Planktivore,2.68,2
Chrysiptera tricincta,Omnivore,2.7,2
Chrysiptera unimaculata,Grazer,2.1,1
Chrysoblephus laticeps,Invertivore,3.8,4
Cirrhilabrus beauperryi,Planktivore,3.4,3
Cirrhilabrus cyanopleura,Invertivore,3.4,3
Cirrhilabrus exquisitus,Invertivore,3.4,3
Cirrhilabrus flavidorsalis,Planktivore,3.3,3
Cirrhilabrus katherinae,Invertivore,3.3,3
Cirrhilabrus laboutei,Invertivore,3.4,3
Cirrhilabrus lineatus,Invertivore,3.4,3
Cirrhilabrus punctatus,Invertivore,3.4,3
Cirrhilabrus randalli,Planktivore,3.381818182,3
Cirrhilabrus scottorum,Invertivore,3.4,3
Cirrhilabrus solorensis,Invertivore,3.4,3
Cirrhilabrus temminckii,Invertivore,3.4,3
Cirrhilabrus walindi,Invertivore,3.3,3
Cirrhitichthys aprinus,Invertivore,3.5,3
Cirrhitichthys falco,Invertivore,4,4
Cirrhitichthys oxycephalus,Invertivore,4,4
Cirrhitops fasciatus,Invertivore,3.6,4
Cirrhitops hubbardi,Invertivore,4,4
Cirrhitus pinnulatus,Invertivore,3.6,4
Cirrhitus rivulatus,Invertivore,4,4
Cirripectes alboapicalis,Grazer,2,1
Cirripectes alleni,Omnivore,2,1
Cirripectes auritus,Grazer,2,1
Cirripectes castaneus,Grazer,2,1
Cirripectes chelomatus,Grazer,2,1
Cirripectes filamentosus,Grazer,2,1
Cirripectes fuscoguttatus,Grazer,2,1
Cirripectes hutchinsi,Grazer,2,1
Cirripectes polyzona,Grazer,2.8,2
Cirripectes springeri,Grazer,2,1
Cirripectes stigmaticus,Grazer,2,1
Cirripectes vanderbilti,Grazer,2,1
Cirripectes variolosus,Grazer,2,1
Citharichthys stigmaeus,Invertivore,3.4,3
Cleidopus gloriamaris,Invertivore,3.6,4
Clepticus parrae,Planktivore,3.3,3
Clinus superciliosus,Invertivore,3.4,3
Clinus venustris,Invertivore,3.3,3
Cnidoglanis macrocephalus,Invertivore,2.8,2
Cochleoceps bicolor,Invertivore,3.3,3
Cochleoceps orientalis,Invertivore,3.2,3
Conger verreauxi,Piscivore,4.2,5
Congiopodus peruvianus,Invertivore,3.3,3
Coradion altivelis,Invertivore,2.7,2
Coradion chrysozonus,Invertivore,2.8,2
Coris auricularis,Invertivore,3.4,3
Coris aurilineata,Invertivore,3.3,3
Coris aygula,Invertivore,3.4,3
Coris batuensis,Invertivore,3.4,3
Coris bulbifrons,Invertivore,3.3,3
Coris caudimacula,Invertivore,3.4,3
Coris centralis,Invertivore,3.2,3
Coris cuvieri,Invertivore,3.4,3
Coris debueni,Invertivore,3.4,3
Coris dorsomacula,Invertivore,3.3,3
Coris formosa,Invertivore,3.3,3
Coris gaimard,Invertivore,3.5,3
Coris hewetti,Invertivore,3.3,3
Coris julis,Invertivore,3.2,3
Coris picta,Invertivore,3.3,3
Coris pictoides,Invertivore,3.3,3
Coris roseoviridis,Invertivore,3.3,3
Coris sandeyeri,Invertivore,3.5,3
Coris venusta,Invertivore,3.3,3
Coryphopterus dicrus,Omnivore,2.7,2
Coryphopterus eidolon,Omnivore,2,1
Coryphopterus glaucofraenum,Omnivore,2.7,2
Coryphopterus hyalinus,Omnivore,2.9,2
Coryphopterus lipernes,Grazer,2.9,2
Coryphopterus personatus,Omnivore,2.7,2
Coryphopterus urospilus,Omnivore,3.5,3
Corythoichthys conspicillatus,Invertivore,3.373076923,3
Corythoichthys haematopterus,Planktivore,3.1,3
Corythoichthys intestinalis,Invertivore,3.2,3
Corythoichthys ocellatus,Planktivore,3.6,4
Corythoichthys schultzi,Planktivore,3.8,4
Cratinus agassizii,Piscivore,4.2,5
Cremnochorites capensis,Invertivore,3.3,3
Crenimugil crenilabis,Grazer,2.3,1
Cristiceps aurantiacus,Invertivore,4,4
Crocodilichthys gracilis,Invertivore,2.72,2
Crossosalarias macrospilus,Grazer,2,1
Cryptichthys jojettae,Invertivore,3.2,3
Cryptocentrus caeruleomaculatus,Invertivore,3,2
Cryptocentrus caeruleopunctatus,Invertivore,3.4,3
Cryptocentrus cinctus,Grazer,3.4,3
Cryptocentrus cryptocentrus,Grazer,3.4,3
Cryptocentrus fasciatus,Invertivore,3.4,3
Cryptocentrus strigilliceps,Invertivore,3.3,3
Ctenochaetus binotatus,Grazer,2,1
Ctenochaetus cyanocheilus,Grazer,2.1,1
Ctenochaetus flavicauda,Grazer,2.2,1
Ctenochaetus hawaiiensis,Grazer,2,1
Ctenochaetus marginatus,Grazer,2,1
Ctenochaetus striatus,Grazer,2,1
Ctenochaetus tominiensis,Grazer,2.1,1
Ctenochaetus truncatus,Grazer,2.1,1
Ctenogobiops aurocingulus,Grazer,3.4,3
Ctenogobiops crocineus,Invertivore,3.5,3
Ctenogobiops feroculus,Invertivore,3.3,3
Ctenogobiops maculosus,Invertivore,3.5,3
Ctenogobiops mitodes,Invertivore,3.349710145,3
Ctenogobiops pomastictus,Invertivore,3.3,3
Ctenogobiops tangaroai,Invertivore,3.349710145,3
Ctenolabrus rupestris,Invertivore,3.4,3
Cybiosarda elegans,Piscivore,4,4
Cyclichthys orbicularis,Invertivore,3.6,4
Cymatogaster aggregata,Invertivore,3,2
Cymbacephalus beauforti,Piscivore,4.5,5
Cypho purpurascens,Invertivore,3.6,4
Cypho zaps,Invertivore,3.4,3
Cyprinocirrhites polyactis,Invertivore,3.2,3
Dactylophora nigricans,Invertivore,2.9,2
Dascyllus albisella,Planktivore,3.1,3
Dascyllus aruanus,Omnivore,2.5,1
Dascyllus carneus,Planktivore,2.7,2
Dascyllus flavicaudus,Planktivore,2.8,2
Dascyllus marginatus,Planktivore,2.69,2
Dascyllus melanurus,Planktivore,3,2
Dascyllus reticulatus,Planktivore,3.1,3
Dascyllus strasburgi,Planktivore,2.8,2
Dascyllus trimaculatus,Planktivore,2.8,2
Decapterus koheru,Planktivore,3.1,3
Decapterus macarellus,Piscivore,3.4,3
Decapterus muroadsi,Planktivore,3.4,3
Decapterus punctatus,Piscivore,4.43,5
Dellichthys morelandi,Invertivore,3.4,3
Dendrochirus barberi,Piscivore,4.2,5
Dendrochirus zebra,Invertivore,3.6,4
Dentex dentex,Piscivore,4.5,5
Dermatolepis dermatolepis,Piscivore,4.5,5
Diademichthys lineatus,Invertivore,3.1,3
Diagramma labiosum,Invertivore,3.6,4
Diagramma melanacrum,Piscivore,3.6,4
Dicentrarchus labrax,Piscivore,3.8,4
Dicentrarchus punctatus,Piscivore,3.9,4
Dichistius capensis,Invertivore,3.3,3
Dicotylichthys punctulatus,Invertivore,3.5,3
Dinolestes lewini,Piscivore,3.6,4
Diodon holocanthus,Invertivore,3.3,3
Diodon hystrix,Invertivore,3.4,3
Diodon liturosus,Invertivore,3.4,3
Diodon nicthemerus,Invertivore,3.3,3
Diplectrum bivittatum,Piscivore,3.7,4
Diplodus annularis,Invertivore,3.4,3
Diplodus capensis,Invertivore,2.7,2
Diplodus puntazzo,Omnivore,2.9,2
Diplodus vulgaris,Invertivore,3.2,3
Diplogrammus goramensis,Invertivore,3.5,3
Diplogrammus xenicus,Invertivore,3.7,4
Diploprion bifasciatum,Invertivore,4,4
Diproctacanthus xanthurus,Invertivore,3.3,3
Dipterygonotus balteatus,Planktivore,3.394444444,3
Dischistodus chrysopoecilus,Grazer,2,1
Dischistodus darwiniensis,Grazer,2.1,1
Dischistodus melanotus,Grazer,2,1
Dischistodus perspicillatus,Grazer,2,1
Dischistodus prosopotaenia,Grazer,2,1
Dischistodus pseudochrysopoecilus,Grazer,2,1
Doratonotus megalepis,Invertivore,3.3,3
Dotalabrus alleni,Invertivore,3.3,3
Dotalabrus aurantiacus,Invertivore,3.4,3
Dunckerocampus dactyliophorus,Planktivore,3.77,4
Echeneis naucrates,Piscivore,3.4,3
Echeneis neucratoides,Piscivore,3.3,3
Echidna nebulosa,Invertivore,4,4
Echidna nocturna,Invertivore,3.9,4
Ecsenius aequalis,Grazer,2,1
Ecsenius alleni,Grazer,2,1
Ecsenius australianus,Grazer,2,1
Ecsenius bandanus,Grazer,2,1
Ecsenius bathi,Grazer,2,1
Ecsenius bicolor,Grazer,2,1
Ecsenius fijiensis,Omnivore,2,1
Ecsenius fourmanoiri,Grazer,2,1
Ecsenius frontalis,Grazer,2,1
Ecsenius gravieri,Grazer,2,1
Ecsenius lineatus,Grazer,2,1
Ecsenius lividanalis,Grazer,2.169605475,1
Ecsenius mandibularis,Grazer,2,1
Ecsenius midas,Grazer,2.6,2
Ecsenius minutus,Grazer,2,1
Ecsenius nalolo,Grazer,2,1
Ecsenius namiyei,Grazer,2,1
Ecsenius oculatus,Grazer,2,1
Ecsenius prooculis,Grazer,2,1
Ecsenius schroederi,Grazer,2.169605475,1
Ecsenius ops,Grazer,2,1
Ecsenius stictus,Grazer,2,1
Ecsenius stigmatura,Grazer,2,1
Ecsenius tigris,Grazer,2,1
Ecsenius trilineatus,Grazer,2,1
Ecsenius yaeyamaensis,Grazer,2,1
Ekemblemaria myersi,Invertivore,3.5,3
Elacatinus evelynae,Invertivore,3.4,3
Elacatinus figaro,Invertivore,3.4,3
Elacatinus genie,Invertivore,3.4,3
Elacatinus horsti,Invertivore,3.5,3
Elacatinus lobeli,Grazer,3.3,3
Elacatinus oceanops,Invertivore,3.5,3
Elacatinus prochilos,Invertivore,3.2,3
Elacatinus puncticulatus,Invertivore,3.5,3
Elacatinus randalli,Invertivore,3.5,3
Tigrigobius saucrus,Invertivore,3,2
Elacatinus xanthiprora,Invertivore,3.4,3
Elagatis bipinnulata,Piscivore,3.6,4
Eleotrica cableae,Invertivore,3.3,3
Elops affinis,Planktivore,4.1,5
Embiotoca jacksoni,Invertivore,3.2,3
Embiotoca lateralis,Invertivore,3.4,3
Emblemariopsis signifer,Planktivore,3.3,3
Enchelycore lichenosa,Piscivore,4.5,5
Enchelycore ramosa,Piscivore,4.7,5
Engraulis australis,Planktivore,3,2
Enneanectes carminalis,Invertivore,2.8,2
Enneapterygius atrogulare,Invertivore,2.7,2
Enneapterygius flavoccipitis,Invertivore,3.1,3
Enneapterygius hemimelas,Invertivore,2.9,2
Enneapterygius kermadecensis,Invertivore,2.9,2
Enneapterygius larsonae,Invertivore,2.9,2
Enneapterygius mirabilis,Invertivore,3,2
Enneapterygius rufopileus,Invertivore,2.9,2
Enneapterygius similis,Invertivore,2.923797376,2
Enneapterygius tutuilae,Invertivore,3.4,3
Enophrys diceraus,Grazer,3.3,3
Enoplosus armatus,Invertivore,3.4,3
Eocallionymus papilio,Invertivore,3.3,3
Epibulus brevis,Invertivore,3.6,4
Epibulus insidiator,Invertivore,3.8,4
Epinephelides armatus,Piscivore,3.9,4
Epinephelus guttatus,Piscivore,3.84,4
Epinephelus adscensionis,Piscivore,3.5,3
Epinephelus analogus,Piscivore,3.8,4
Epinephelus areolatus,Piscivore,3.6,4
Epinephelus bilobatus,Piscivore,3.7,4
Epinephelus bleekeri,Piscivore,3.9,4
Epinephelus coeruleopunctatus,Invertivore,3.7,4
Epinephelus coioides,Piscivore,3.9,4
Epinephelus corallicola,Piscivore,3.8,4
Epinephelus costae,Piscivore,3.9,4
Epinephelus cyanopodus,Piscivore,4.1,5
Epinephelus daemelii,Piscivore,4,4
Epinephelus fasciatus,Invertivore,3.7,4
Epinephelus fuscoguttatus,Piscivore,4.1,5
Epinephelus hexagonatus,Piscivore,4.1,5
Epinephelus howlandi,Piscivore,4,4
Epinephelus irroratus,Piscivore,3.7,4
Epinephelus itajara,Invertivore,4.1,5
Epinephelus labriformis,Piscivore,4,4
Epinephelus lanceolatus,Piscivore,3.868829583,4
Epinephelus longispinis,Piscivore,4.2,5
Epinephelus macrospilos,Piscivore,3.8,4
Epinephelus maculatus,Piscivore,3.9,4
Epinephelus malabaricus,Piscivore,3.8,4
Epinephelus marginatus,Piscivore,3.7,4
Epinephelus melanostigma,Piscivore,4,4
Epinephelus merra,Piscivore,3.8,4
Epinephelus morio,Piscivore,3.5,3
Epinephelus multinotatus,Piscivore,3.9,4
Hyporthodus octofasciatus,Piscivore,4,4
Epinephelus ongus,Piscivore,3.7,4
Epinephelus polyphekadion,Piscivore,3.9,4
Epinephelus quoyanus,Piscivore,4,4
Epinephelus rivulatus,Piscivore,3.6,4
Epinephelus socialis,Piscivore,4.2,5
Epinephelus spilotoceps,Piscivore,3.7,4
Epinephelus striatus,Piscivore,4.1,5
Epinephelus tauvina,Piscivore,4.1,5
Epinephelus trimaculatus,Piscivore,4,4
Epinephelus tukula,Piscivore,4.2,5
Epinephelus undulatostriatus,Piscivore,3.8,4
Equetus punctatus,Invertivore,3.5,3
Eubalichthys bucephalus,Grazer,2.8,2
Eubalichthys caeruleoguttatus,Omnivore,2.8,2
Eubalichthys cyanoura,Omnivore,2.8,2
Eubalichthys gunnii,Grazer,2.8,2
Eubalichthys mosaicus,Grazer,2.8,2
Eucinostomus dowii,Invertivore,3.2,3
Eupetrichthys angustipes,Invertivore,3.4,3
Euthynnus affinis,Piscivore,4.5,5
Euthynnus lineatus,Piscivore,3.8,4
Eutrigla gurnardus,Invertivore,3.6,4
Eviota albolineata,Invertivore,3.1,3
Eviota atriventris,Invertivore,3,2
Eviota bifasciata,Invertivore,3.2,3
Eviota bimaculata,Invertivore,3,2
Eviota fasciola,Grazer,3.111896135,3
Eviota guttata,Invertivore,3.1,3
Eviota hoesei,Invertivore,3,2
Eviota lachdeberei,Grazer,3.1,3
Eviota latifasciata,Invertivore,3,2
Eviota melasma,Invertivore,3.1,3
Eviota mikiae,Invertivore,3.1,3
Eviota nigriventris,Invertivore,3.1,3
Eviota pellucida,Invertivore,3.1,3
Eviota prasites,Invertivore,3.1,3
Eviota raja,Grazer,3.1,3
Eviota readerae,Invertivore,3.1,3
Eviota rubriceps,Grazer,3,2
Eviota sebreei,Invertivore,3.1,3
Eviota sigillata,Invertivore,3.1,3
Eviota queenslandica,Invertivore,3.1,3
Eviota storthynx,Invertivore,3.1,3
Eviota zebrina,Grazer,3.1,3
Evistias acutirostris,Invertivore,3.5,3
Exallias brevis,Corallivore,3,2
Exyrias belissimus,Invertivore,2.8,2
Favonigobius lateralis,Invertivore,3.5,3
Fistularia commersonii,Piscivore,4.3,5
Fistularia petimba,Piscivore,4.5,5
Fistularia tabacaria,Piscivore,3.5,3
Foetorepus calauropomus,Invertivore,3.4,3
Forcipiger flavissimus,Invertivore,3.1,3
Forcipiger longirostris,Invertivore,3.5,3
Forsterygion flavonigrum,Invertivore,3.3,3
Forsterygion lapillum,Invertivore,3.2,3
Forsterygion malcolmi,Invertivore,3.4,3
Forsterygion maryannae,Planktivore,3.2,3
Forsterygion varium,Invertivore,3.4,3
Furcina osimae,Invertivore,3.3,3
Fusigobius duospilus,Omnivore,3.2,3
Fusigobius inframaculatus,Grazer,3.2,3
Fusigobius maximus,Grazer,3.3,3
Fusigobius melacron,Grazer,3.2,3
Fusigobius neophytus,Omnivore,2.6,2
Fusigobius signipinnis,Omnivore,3.2,3
Gadus morhua,Piscivore,4.4,5
Gasterosteus aculeatus,Planktivore,3.5,3
Genicanthus caudovittatus,Invertivore,3.4,3
Genicanthus lamarck,Planktivore,3.4,3
Genicanthus melanospilos,Planktivore,3.4,3
Genicanthus semicinctus,Planktivore,3.4,3
Genicanthus watanabei,Planktivore,3.4,3
Genypterus tigerinus,Piscivore,4.1,5
Gerres cinereus,Invertivore,3.3,3
Gerres equulus,Invertivore,3.1,3
Gerres oblongus,Grazer,3.5,3
Gerres subfasciatus,Invertivore,3.3,3
Girella cyanea,Grazer,2,1
Girella elevata,Grazer,2,1
Girella fimbriata,Grazer,2,1
Girella freminvillii,Grazer,2,1
Girella nigricans,Grazer,2.2,1
Girella punctata,Grazer,2.9,2
Girella simplicidens,Grazer,2.8,2
Girella tephraeops,Grazer,2,1
Girella tricuspidata,Grazer,2,1
Girella zebra,Grazer,2,1
Glaucosoma hebraicum,Piscivore,4.3,5
Glaucosoma magnificum,Invertivore,4.1,5
Glaucosoma scapulare,Piscivore,4.3,5
Glyptoparus delicatulus,Grazer,2,1
Gnathanacanthus goetzeei,Invertivore,3.6,4
Gnathanodon speciosus,Invertivore,3.8,4
Gnathodentex aureolineatus,Invertivore,3.3,3
Gnatholepis anjerensis,Omnivore,2.2,1
Gnatholepis cauerensis,Omnivore,3.148550725,3
Gnatholepis thompsoni,Omnivore,2.3,1
Gobiodon citrinus,Invertivore,3.3,3
Gobiodon heterospilos,Grazer,3.5,3
Gobiodon histrio,Invertivore,3.2,3
Gobiodon okinawae,Invertivore,3.3,3
Gobiodon quinquestrigatus,Invertivore,3.4,3
Gobiodon spilophthalmus,Invertivore,3.3,3
Gobius bucchichi,Omnivore,3.1,3
Gobius cruentatus,Invertivore,3.1,3
Gobius fallax,Invertivore,3.3,3
Gobius niger,Invertivore,3.2,3
Gobius paganellus,Omnivore,3.3,3
Gobius xanthocephalus,Omnivore,3.1,3
Gomphosus caeruleus,Invertivore,3.5,3
Gomphosus varius,Invertivore,3.6,4
Gorgasia galzini,Planktivore,3.725,4
Gracila albomarginata,Piscivore,4.2,5
Forsterygion capito,Invertivore,3.3,3
Forsterygion gymnotum,Invertivore,3.3,3
Gramma brasiliensis,Invertivore,3.4,3
Gramma loreto,Invertivore,3.3,3
Grammatorcynus bicarinatus,Piscivore,4.5,5
Grammatorcynus bilineatus,Piscivore,4.2,5
Grammistes sexlineatus,Piscivore,4,4
Gunnellichthys monostigma,Planktivore,3.3,3
Gymnocaesio gymnoptera,Planktivore,3.4,3
Gymnocanthus tricuspis,Piscivore,3.5,3
Gymnoclinus cristulatus,Invertivore,3.3,3
Gymnocranius audleyi,Invertivore,3.582575758,4
Gymnocranius euanus,Invertivore,3.016666667,3
Gymnocranius microdon,Invertivore,3.4,3
Gymnocrotaphus curvidens,Grazer,3.4,3
Gymnomuraena zebra,Invertivore,3.4,3
Gymnosarda unicolor,Piscivore,4.5,5
Gymnothorax annasona,Invertivore,3.9,4
Gymnothorax breedeni,Piscivore,4.5,5
Gymnothorax castaneus,Invertivore,4,4
Gymnothorax cribroris,Invertivore,4,4
Gymnothorax dovii,Piscivore,4.3,5
Gymnothorax eurostus,Invertivore,4.1,5
Gymnothorax favagineus,Invertivore,4.2,5
Gymnothorax fimbriatus,Invertivore,4,4
Gymnothorax flavimarginatus,Invertivore,4.2,5
Gymnothorax funebris,Invertivore,4,4
Gymnothorax javanicus,Invertivore,3.9,4
Gymnothorax meleagris,Piscivore,4.5,5
Gymnothorax miliaris,Invertivore,3.9,4
Gymnothorax moringa,Piscivore,4.5,5
Gymnothorax nubilus,Invertivore,3.9,4
Gymnothorax obesus,Piscivore,4.3,5
Gymnothorax panamensis,Invertivore,4,4
Gymnothorax pictus,Invertivore,4.2,5
Gymnothorax porphyreus,Invertivore,3.8,4
Gymnothorax prasinus,Invertivore,3.6,4
Gymnothorax prionodon,Invertivore,4.2,5
Gymnothorax thyrsoideus,Invertivore,4,4
Gymnothorax undulatus,Invertivore,3.6,4
Gymnothorax unicolor,Invertivore,3.4,3
Gymnothorax zonipectis,Invertivore,3.9,4
Haemulon album,Invertivore,3.2,3
Haemulon aurolineatum,Invertivore,3.2,3
Haemulon carbonarium,Invertivore,3.3,3
Haemulon flaviguttatum,Invertivore,4.2,5
Haemulon flavolineatum,Invertivore,3.3,3
Haemulon macrostomum,Invertivore,3.3,3
Haemulon maculicauda,Invertivore,4.2,5
Haemulon melanurum,Invertivore,2.2,1
Haemulon parra,Invertivore,3.5,3
Haemulon plumierii,Invertivore,3.597435897,4
Haemulon sciurus,Invertivore,3.4,3
Haemulon scudderii,Invertivore,3.597435897,4
Haemulon sexfasciatum,Invertivore,4.2,5
Haemulon steindachneri,Invertivore,3.5,3
Haletta semifasciata,Omnivore,3.2,3
Halichoeres adustus,Invertivore,3.4,3
Halichoeres argus,Invertivore,3.4,3
Halichoeres biocellatus,Invertivore,3.4,3
Halichoeres bivittatus,Invertivore,3.3,3
Halichoeres brasiliensis,Invertivore,3.4,3
Halichoeres brownfieldi,Invertivore,3.4,3
Halichoeres chierchiae,Invertivore,3.5,3
Halichoeres chloropterus,Invertivore,3.4,3
Halichoeres chrysus,Invertivore,3.4,3
Halichoeres cosmetus,Invertivore,3.4,3
Halichoeres cyanocephalus,Invertivore,3.59,4
Halichoeres dimidiatus,Invertivore,3.4,3
Halichoeres discolor,Invertivore,3.4,3
Halichoeres dispilus,Invertivore,3.9,4
Halichoeres erdmanni,Invertivore,3.130447761,3
Halichoeres garnoti,Invertivore,3.5,3
Halichoeres hartzfeldii,Invertivore,3.5,3
Halichoeres hortulanus,Invertivore,3.4,3
Halichoeres iridis,Invertivore,3.4,3
Halichoeres leucoxanthus,Invertivore,3.4,3
Halichoeres leucurus,Invertivore,3.4,3
Halichoeres maculipinna,Invertivore,3.3,3
Halichoeres margaritaceus,Invertivore,3.7,4
Halichoeres marginatus,Invertivore,3.3,3
Halichoeres melanochir,Invertivore,3.4,3
Halichoeres melanurus,Invertivore,3.2,3
Halichoeres melasmapomus,Invertivore,3.5,3
Halichoeres miniatus,Invertivore,3.4,3
Halichoeres nebulosus,Invertivore,3.4,3
Halichoeres nicholsi,Invertivore,4,4
Halichoeres nigrescens,Invertivore,3.4,3
Halichoeres notospilus,Invertivore,3.5,3
Halichoeres orientalis,Invertivore,3.3,3
Halichoeres ornatissimus,Invertivore,3.1,3
Halichoeres pictus,Invertivore,3.5,3
Halichoeres poeyi,Invertivore,3.4,3
Halichoeres prosopeion,Invertivore,3.4,3
Halichoeres radiatus,Invertivore,3.3,3
Halichoeres richmondi,Invertivore,3.5,3
Halichoeres salmofasciatus,Invertivore,3.3,3
Halichoeres scapularis,Invertivore,3.5,3
Halichoeres semicinctus,Invertivore,3.3,3
Halichoeres solorensis,Invertivore,3.5,3
Halichoeres tenuispinis,Invertivore,3.4,3
Halichoeres timorensis,Invertivore,3.4,3
Halichoeres trimaculatus,Invertivore,3.5,3
Halichoeres trispilus,Invertivore,3.3,3
Helcogramma albimacula,Invertivore,3,2
Helcogramma chica,Invertivore,3,2
Helcogramma decurrens,Invertivore,3.1,3
Helcogramma maldivensis,Invertivore,3,2
Helcogramma springeri,Invertivore,3,2
Helcogramma striata,Invertivore,3.4,3
Helcogrammoides cunninghami,Invertivore,3.3,3
Helicolenus percoides,Piscivore,4,4
Hemiglyphidodon plagiometopon,Planktivore,2,1
Hemigymnus fasciatus,Invertivore,3.2,3
Hemigymnus melapterus,Invertivore,3.3,3
Hemiramphus depauperatus,Planktivore,3.3,3
Hemitaurichthys multispinosus,Planktivore,3.4,3
Hemitaurichthys polylepis,Planktivore,3.1,3
Hemitaurichthys thompsoni,Planktivore,3,2
Hemitaurichthys zoster,Planktivore,3.1,3
Heniochus acuminatus,Planktivore,3.5,3
Heniochus chrysostomus,Invertivore,3.3,3
Heniochus diphreutes,Planktivore,3.4,3
Heniochus intermedius,Invertivore,3.5,3
Heniochus monoceros,Invertivore,3.5,3
Heniochus pleurotaenia,Invertivore,3.5,3
Heniochus singularius,Invertivore,3.6,4
Heniochus varius,Invertivore,3.2,3
Heteroclinus adelaidae,Invertivore,3.5,3
Heteroclinus johnstoni,Invertivore,4,4
Heteroclinus perspicillatus,Invertivore,3.5,3
Heteroclinus roseus,Invertivore,3.7,4
Heteroclinus tristis,Piscivore,4.3,5
Heteroconger hassi,Planktivore,3.3,3
Heteroconger klausewitzi,Planktivore,3.4,3
Heteropriacanthus cruentatus,Piscivore,3.8,4
Heteroscarus acroptilus,Omnivore,3.5,3
Heterostichus rostratus,Invertivore,3.9,4
Hexagrammos agrammus,Invertivore,3.3,3
Hexagrammos decagrammus,Invertivore,3.6,4
Hexagrammos otakii,Invertivore,3.9,4
Hexagrammos stelleri,Invertivore,3.3,3
Hippocampus abdominalis,Invertivore,3.4,3
Hippocampus bargibanti,Planktivore,3.4,3
Hippocampus ingens,Invertivore,3.3,3
Hippocampus whitei,Invertivore,3.4,3
Hipposcarus harid,Microphage,2,1
Hipposcarus longiceps,Microphage,2,1
Holacanthus bermudensis,Invertivore,3.3,3
Holacanthus ciliaris,Invertivore,3,2
Holacanthus passer,Omnivore,2.6,2
Holacanthus tricolor,Invertivore,3,2
Holocentrus adscensionis,Invertivore,3.5,3
Holocentrus rufus,Invertivore,3.5,3
Hologymnosus annulatus,Piscivore,4.2,5
Hologymnosus doliatus,Invertivore,3.8,4
Hoplolatilus cuniculus,Planktivore,3.3,3
Hoplolatilus starcki,Planktivore,3.3,3
Hoplopagrus guentherii,Invertivore,3.7,4
Hyperlophus vittatus,Planktivore,3.4,3
Hypoatherina barnesi,Grazer,3.3,3
Hypoplectrodes annulatus,Invertivore,4.1,5
Hypoplectrodes huntii,Invertivore,4.1,5
Hypoplectrodes maccullochi,Invertivore,3.6,4
Hypoplectrodes nigroruber,Invertivore,4,4
Hypoplectrus aberrans,Invertivore,3.6,4
Hypoplectrus chlorurus,Invertivore,3.8,4
Hypoplectrus gemma,Invertivore,3.8,4
Hypoplectrus guttavarius,Invertivore,3.8,4
Hypoplectrus indigo,Invertivore,3.9,4
Hypoplectrus nigricans,Invertivore,4,4
Hypoplectrus providencianus,Invertivore,3.8,4
Hypoplectrus puella,Invertivore,3.7,4
Hypoplectrus unicolor,Invertivore,4,4
Hyporhamphus affinis,Omnivore,3.5,3
Hypsurus caryi,Invertivore,3.3,3
Hypsypops rubicundus,Planktivore,3.2,3
Haemulon vittatum,Invertivore,3.2,3
Iniistius celebicus,Invertivore,3.5,3
Iniistius pavo,Invertivore,3.130447761,3
Inimicus caledonicus,Piscivore,4.1,5
Inimicus filamentosus,Invertivore,4.1,5
Isocirrhitus sexfasciatus,Invertivore,3.5,3
Istigobius campbelli,Omnivore,3.1,3
Istigobius decoratus,Omnivore,3.2,3
Istigobius diadema,Grazer,3.4,3
Istigobius goldmanni,Omnivore,3.1,3
Istigobius hoesei,Grazer,3.1,3
Istigobius nigroocellatus,Omnivore,3.2,3
Istigobius rigilius,Omnivore,3.2,3
Istigobius spence,Grazer,3.2,3
Itycirrhitus wilhelmi,Invertivore,3.6,4
Jenkinsia lamprotaenia,Planktivore,3.29,3
Johnrandallia nigrirostris,Invertivore,3,2
Jordania zonope,Invertivore,3.4,3
Karalepis stewarti,Invertivore,3.3,3
Koumansetta hectori,Omnivore,3.148550725,3
Koumansetta rainfordi,Omnivore,3.148550725,3
Kuhlia mugil,Planktivore,3.8,4
Kyphosus bigibbus,Grazer,2,1
Kyphosus cinerascens,Grazer,2.3,1
Kyphosus cornelii,Grazer,2,1
Kyphosus elegans,Grazer,2.9,2
Kyphosus incisor,Grazer,2,1
Kyphosus sectatrix,Grazer,2.118181818,1
Kyphosus sydneyanus,Grazer,2,1
Kyphosus vaigiensis,Grazer,2,1
Labracinus cyclophthalmus,Invertivore,4,4
Labracinus lineatus,Invertivore,4.1,5
Labracoglossa nitida,Planktivore,3.4,3
Labrichthys unilineatus,Corallivore,3.3,3
Labrisomus cricota,Invertivore,3.5,3
Labrisomus multiporosus,Invertivore,3.6,4
Labrisomus nuchipinnis,Invertivore,3.5,3
Labroides bicolor,Invertivore,4,4
Labroides dimidiatus,Invertivore,3.5,3
Labroides pectoralis,Invertivore,4,4
Labroides phthirophagus,Invertivore,4,4
Labroides rubrolabiatus,Invertivore,3.8,4
Labropsis alleni,Corallivore,3.3,3
Labropsis australis,Corallivore,3.9,4
Labropsis manabei,Corallivore,3.34,3
Labropsis micronesica,Corallivore,3.4,3
Labropsis xanthonota,Corallivore,2.9,2
Labrus bergylta,Invertivore,3.1,3
Labrus merula,Invertivore,3.2,3
Labrus mixtus,Invertivore,3.9,4
Labrus viridis,Invertivore,3.8,4
Lachnolaimus maximus,Invertivore,3.9,4
Lactophrys bicaudalis,Invertivore,3,2
Lactoria diaphana,Invertivore,3.5,3
Lactoria fornasini,Invertivore,3.4,3
Larabicus quadrilineatus,Corallivore,3.3,3
Latridopsis ciliaris,Invertivore,3.2,3
Latridopsis forsteri,Invertivore,3.7,4
Leiocottus hirundo,Invertivore,3.5,3
Lepidonectes clarkhubbsi,Invertivore,2.7,2
Lepidonectes corallicola,Invertivore,2.6,2
Lepidozygus tapeinosoma,Planktivore,3.4,3
Leptatherina presbyteroides,Grazer,3.7,4
Leptocottus armatus,Invertivore,3.5,3
Leptojulis chrysotaenia,Invertivore,3.7,4
Leptojulis cyanopleura,Invertivore,3.4,3
Leptoscarus vaigiensis,Grazer,2.3,1
Lesueurigobius friesii,Invertivore,3.2,3
Lethrinus amboinensis,Invertivore,4,4
Lethrinus atkinsoni,Invertivore,3.5,3
Lethrinus borbonicus,Invertivore,3.470000029,3
Lethrinus erythracanthus,Invertivore,3.4,3
Lethrinus erythropterus,Invertivore,3.7,4
Lethrinus genivittatus,Invertivore,3.5,3
Lethrinus harak,Invertivore,3.6,4
Lethrinus laticaudis,Piscivore,4.5,5
Lethrinus lentjan,Piscivore,4.2,5
Lethrinus microdon,Invertivore,3.8,4
Lethrinus miniatus,Piscivore,3.5,3
Lethrinus nebulosus,Invertivore,3.3,3
Lethrinus obsoletus,Invertivore,3.4,3
Lethrinus olivaceus,Piscivore,3.8,4
Lethrinus ornatus,Invertivore,3.4,3
Lethrinus rubrioperculatus,Invertivore,3.661111111,4
Lethrinus variegatus,Invertivore,3.8,4
Lethrinus xanthochilus,Invertivore,3.7,4
Leviprora inops,Piscivore,3.9,4
Limnichthys fasciatus,Invertivore,3,2
Liparis montagui,Invertivore,3.5,3
Lipophrys pholis,Grazer,3.1,3
Lithognathus lithognathus,Invertivore,2.9,2
Lithognathus mormyrus,Invertivore,3.4,3
Lotella rhacina,Piscivore,3.5,3
Lotilia graciliosa,Invertivore,3.148550725,3
Lucayablennius zingaro,Planktivore,3.5,3
Lutjanus adetii,Piscivore,3.73,4
Lutjanus alexandrei,Piscivore,3.8,4
Lutjanus analis,Piscivore,3.9,4
Lutjanus apodus,Piscivore,4.2,5
Lutjanus aratus,Piscivore,4.1,5
Lutjanus argentimaculatus,Piscivore,3.6,4
Lutjanus argentiventris,Piscivore,4,4
Lutjanus biguttatus,Piscivore,4.4,5
Lutjanus bohar,Piscivore,4.1,5
Lutjanus boutton,Piscivore,3.8,4
Lutjanus carponotatus,Piscivore,3.9,4
Lutjanus decussatus,Piscivore,4,4
Lutjanus ehrenbergii,Piscivore,4.4,5
Lutjanus erythropterus,Piscivore,4.5,5
Lutjanus fulviflamma,Piscivore,3.8,4
Lutjanus fulvus,Piscivore,4.1,5
Lutjanus gibbus,Piscivore,3.6,4
Lutjanus griseus,Piscivore,4.3,5
Lutjanus guttatus,Piscivore,3.9,4
Lutjanus inermis,Piscivore,3.8,4
Lutjanus jocu,Piscivore,4.3,5
Lutjanus johnii,Piscivore,4.2,5
Lutjanus jordani,Piscivore,4.5,5
Lutjanus kasmira,Invertivore,3.6,4
Lutjanus lemniscatus,Piscivore,4,4
Lutjanus lutjanus,Piscivore,4.1,5
Lutjanus mahogoni,Piscivore,4.4,5
Lutjanus monostigma,Piscivore,4.3,5
Lutjanus novemfasciatus,Piscivore,4.1,5
Lutjanus quinquelineatus,Invertivore,3.6,4
Lutjanus rivulatus,Piscivore,4.1,5
Lutjanus rufolineatus,Piscivore,3.7,4
Lutjanus russellii,Piscivore,4.3,5
Lutjanus sebae,Piscivore,4.3,5
Lutjanus semicinctus,Piscivore,4.2,5
Lutjanus synagris,Piscivore,3.8,4
Lutjanus viridis,Piscivore,4.2,5
Lutjanus vitta,Piscivore,4.1,5
Luzonichthys waitei,Planktivore,3.4,3
Luzonichthys whitleyi,Invertivore,3.4,3
Lythrypnus dalli,Invertivore,3.2,3
Lythrypnus gilberti,Invertivore,3.5,3
Macolor macularis,Invertivore,4,4
Macolor niger,Invertivore,3.995744681,4
Macrodontogobius wilburi,Omnivore,2.8,2
Macropharyngodon bipartitus,Invertivore,3.130447761,3
Macropharyngodon choati,Invertivore,3.3,3
Macropharyngodon geoffroy,Invertivore,3.4,3
Macropharyngodon kuiteri,Invertivore,3.3,3
Macropharyngodon meleagris,Invertivore,2.9,2
Macropharyngodon negrosensis,Invertivore,3.4,3
Macropharyngodon ornatus,Invertivore,3.4,3
Malacanthus brevirostris,Invertivore,3.5,3
Malacanthus latovittatus,Invertivore,3.5,3
Malacanthus plumieri,Invertivore,3.6,4
Malacoctenus boehlkei,Invertivore,3.4,3
Malacoctenus ebisui,Invertivore,3.5,3
Malacoctenus hubbsi,Invertivore,3.5,3
Malacoctenus macropus,Invertivore,3.4,3
Malacoctenus margaritae,Invertivore,3.5,3
Malacoctenus tetranemus,Invertivore,3.5,3
Malacoctenus triangulatus,Invertivore,3.5,3
Malacoctenus zonifer,Invertivore,3.5,3
Manonichthys splendens,Invertivore,3.64375,4
Maxillicosta scabriceps,Invertivore,3.4,3
Mccoskerichthys sandae,Invertivore,3.3,3
Mecaenichthys immaculatus,Planktivore,2,1
Medialuna californiensis,Grazer,2.7,2
Megalops atlanticus,Piscivore,4.5,5
Meiacanthus atrodorsalis,Invertivore,3.5,3
Meiacanthus bundoon,Invertivore,3.4,3
Meiacanthus crinitus,Grazer,3.4,3
Meiacanthus ditrema,Invertivore,3.4,3
Meiacanthus grammistes,Invertivore,3.5,3
Meiacanthus kamoharai,Invertivore,2.7,2
Meiacanthus lineatus,Invertivore,3.4,3
Meiacanthus luteus,Invertivore,3.4,3
Meiacanthus mossambicus,Invertivore,3.4,3
Meiacanthus nigrolineatus,Invertivore,3.4,3
Meiacanthus oualanensis,Invertivore,3.3,3
Meiacanthus phaeus,Grazer,3.289882943,3
Meiacanthus smithi,Invertivore,3.4,3
Meiacanthus tongaensis,Invertivore,3.4,3
Melichthys indicus,Invertivore,3,2
Melichthys niger,Planktivore,2.4,1
Melichthys vidua,Invertivore,3.4,3
Mendosoma lineatum,Invertivore,3.9,4
Meuschenia australis,Grazer,2.7,2
Meuschenia flavolineata,Grazer,2.7,2
Meuschenia freycineti,Grazer,2.3,1
Meuschenia galii,Grazer,2.7,2
Meuschenia hippocrepis,Grazer,2.7,2
Meuschenia scaber,Invertivore,3,2
Meuschenia trachylepis,Grazer,2.7,2
Meuschenia venusta,Grazer,2.8,2
Microcanthus strigatus,Planktivore,3,2
Microgobius microlepis,Grazer,3.4,3
Microlepidotus brevipinnis,Invertivore,3.5,3
Microspathodon bairdii,Grazer,2.5,1
Microspathodon chrysurus,Grazer,2.1,1
Microspathodon dorsalis,Grazer,2.1,1
Mola mola,Invertivore,4,4
Molva molva,Piscivore,4.3,5
Monacanthus chinensis,Grazer,2.6,2
Monacanthus tuckeri,Omnivore,2.7,2
Monodactylus argenteus,Invertivore,3,2
Monotaxis grandoculis,Invertivore,3.2,3
Mugil cephalus,Omnivore,2.1,1
Mugil curema,Grazer,2,1
Mugil galapagensis,Grazer,2.5,1
Mulloidichthys dentatus,Invertivore,3.7,4
Mulloidichthys flavolineatus,Invertivore,3.3,3
Mulloidichthys martinicus,Invertivore,3.2,3
Mulloidichthys mimicus,Invertivore,3.6,4
Mulloidichthys vanicolensis,Invertivore,3.6,4
Mullus argentinae,Invertivore,3.5,3
Mullus surmuletus,Invertivore,3.4,3
Muraena argus,Invertivore,4,4
Muraena augusti,Invertivore,4,4
Muraena clepsydra,Invertivore,4,4
Muraena helena,Invertivore,4.2,5
Muraena lentiginosa,Invertivore,3.9,4
Mycteroperca bonaci,Piscivore,4.5,5
Mycteroperca fusca,Piscivore,4.4,5
Mycteroperca interstitialis,Piscivore,4.5,5
Mycteroperca olfax,Piscivore,4.5,5
Mycteroperca rosacea,Piscivore,4.5,5
Mycteroperca tigris,Piscivore,4.5,5
Mycteroperca xenarcha,Piscivore,4.6,5
Myoxocephalus scorpius,Invertivore,3.9,4
Myrichthys maculosus,Invertivore,3.6,4
Myrichthys tigrinus,Invertivore,3.5,3
Myripristis adusta,Planktivore,3.4,3
Myripristis amaena,Planktivore,3.6,4
Myripristis berndti,Planktivore,3.7,4
Myripristis earlei,Planktivore,3.6,4
Myripristis hexagona,Planktivore,3.1,3
Myripristis jacobus,Planktivore,3.6,4
Myripristis kochiensis,Planktivore,3.5,3
Myripristis kuntee,Planktivore,3.3,3
Myripristis leiognathus,Planktivore,3.1,3
Myripristis murdjan,Planktivore,3.3,3
Myripristis pralinia,Planktivore,3.5,3
Myripristis randalli,Planktivore,4,4
Myripristis tiki,Planktivore,3.5,3
Myripristis violacea,Planktivore,3.5,3
Myripristis vittata,Planktivore,3.8,4
Nannosalarias nativitatis,Grazer,2,1
Naso annulatus,Grazer,2.1,1
Naso brachycentron,Omnivore,2.7,2
Naso brevirostris,Omnivore,2.2,1
Naso caeruleacauda,Omnivore,2.3,1
Naso caesius,Omnivore,2.3,1
Naso elegans,Grazer,2,1
Naso fageni,Grazer,2.2,1
Naso hexacanthus,Planktivore,3.3,3
Naso lituratus,Grazer,2.3,1
Naso thynnoides,Planktivore,3,2
Naso tonganus,Grazer,2,1
Naso tuberosus,Grazer,2,1
Naso unicornis,Grazer,2.2,1
Naso vlamingii,Omnivore,2.2,1
Neatypus obliquus,Grazer,3.5,3
Nectamia luxuria,Planktivore,3.3,3
Nectamia similis,Planktivore,3.2,3
Nemadactylus bergi,Invertivore,3.2,3
Nemadactylus douglasii,Invertivore,3.5,3
Nemadactylus macropterus,Invertivore,3.4,3
Nemadactylus valenciennesi,Invertivore,3.5,3
Nemateleotris magnifica,Planktivore,3.1,3
Neocirrhites armatus,Invertivore,3.5,3
Neoditrema ransonnetii,Invertivore,3.4,3
Neoglyphidodon bonang,Grazer,2.7,2
Neoglyphidodon carlsoni,Grazer,2.8,2
Neoglyphidodon crossi,Planktivore,2.8,2
Neoglyphidodon melas,Grazer,3,2
Neoglyphidodon nigroris,Grazer,3,2
Neoglyphidodon oxyodon,Planktivore,2.68,2
Neoglyphidodon polyacanthus,Omnivore,2.7,2
Neoglyphidodon thoracotaeniatus,Omnivore,2.7,2
Neomyxus leuciscus,Grazer,2.9,2
Neoniphon argenteus,Invertivore,4,4
Neoniphon marianus,Invertivore,3.6,4
Neoniphon opercularis,Invertivore,3.6,4
Neoniphon sammara,Invertivore,3.6,4
Neoodax balteatus,Omnivore,2.7,2
Neopomacentrus anabatoides,Planktivore,3.4,3
Neopomacentrus azysron,Planktivore,3.4,3
Neopomacentrus bankieri,Planktivore,3.4,3
Neopomacentrus cyanomos,Planktivore,3.4,3
Neopomacentrus filamentosus,Planktivore,3.4,3
Neopomacentrus metallicus,Planktivore,3.4,3
Neopomacentrus miryae,Planktivore,3.4,3
Neopomacentrus nemurus,Planktivore,3.4,3
Neopomacentrus violascens,Planktivore,3.4,3
Neosebastes pandus,Invertivore,3.7,4
Neosebastes scorpaenoides,Invertivore,3.6,4
Synchiropus morrisoni,Invertivore,3.3,3
Nesogobius hinsbyi,Invertivore,3.3,3
Nesogobius pulchellus,Invertivore,3.3,3
Nexilosus latifrons,Planktivore,3.1,3
Nicholsina denticulata,Microphage,2,1
Notocirrhitus splendens,Invertivore,4,4
Notoclinops caerulepunctus,Invertivore,3.1,3
Notoclinops segmentatus,Invertivore,3.3,3
Notoclinops yaldwyni,Invertivore,3.2,3
Notoclinus fenestratus,Invertivore,3.9,4
Notolabrus celidotus,Invertivore,3.3,3
Notolabrus cinctus,Invertivore,3.6,4
Notolabrus fucicola,Invertivore,3.5,3
Notolabrus gymnogenis,Invertivore,3.4,3
Notolabrus inscriptus,Invertivore,3.5,3
Notolabrus parilus,Invertivore,3.5,3
Notolabrus tetricus,Invertivore,3.5,3
Novaculichthys taeniourus,Invertivore,3.3,3
Ocyurus chrysurus,Invertivore,4,4
Odax cyanoallix,Grazer,2.4,1
Odax pullus,Grazer,2.1,1
Odontoscion dentex,Planktivore,3.5,3
Odontoscion eurymesops,Piscivore,4.1,5
Odontoscion xanthops,Piscivore,3.7,4
Odonus niger,Planktivore,3.2,3
Ogcocephalus darwini,Invertivore,3.4,3
Ogilbyina novaehollandiae,Invertivore,3.7,4
Ogilbyina queenslandiae,Invertivore,3.9,4
Olisthops cyanomelas,Grazer,2,1
Omegophora armilla,Invertivore,3.3,3
Omegophora cyanopunctata,Invertivore,3.3,3
Omobranchus germaini,Grazer,2.6,2
Ophioblennius atlanticus,Grazer,2,1
Ophioblennius steindachneri,Grazer,2.7,2
Ophiodon elongatus,Piscivore,4.3,5
Ophthalmolepis lineolata,Invertivore,3.5,3
Opisthocentrus ocellatus,Invertivore,3.1,3
Opisthocentrus tenuis,Invertivore,3.1,3
Opisthocentrus zonope,Invertivore,3.1,3
Opistognathus aurifrons,Planktivore,3.1,3
Opistognathus darwiniensis,Planktivore,3.9,4
Opistognathus randalli,Invertivore,3.5,3
Oplegnathus conwayi,Invertivore,2.7,2
Oplegnathus insignis,Invertivore,3.3,3
Optivus agastos,Invertivore,3.5,3
Orthonopias triacis,Invertivore,3.3,3
Orthopristis forbesi,Invertivore,3.5,3
Ostorhinchus angustatus,Invertivore,3.3,3
Ostorhinchus aureus,Invertivore,2.91369863,2
Ostorhinchus cavitensis,Invertivore,3.4,3
Ostorhinchus chrysopomus,Planktivore,3.5,3
Ostorhinchus compressus,Invertivore,3.5,3
Ostorhinchus cookii,Invertivore,3.5,3
Ostorhinchus cyanosoma,Invertivore,3.4,3
Ostorhinchus fleurieu,Planktivore,3.6,4
Ostorhinchus hartzfeldii,Planktivore,3.6,4
Ostorhinchus luteus,Planktivore,3.549999952,4
Ostorhinchus monospilus,Invertivore,3.5,3
Ostorhinchus nanus,Planktivore,3.4,3
Ostorhinchus neotes,Invertivore,3.2,3
Ostorhinchus nigrofasciatus,Invertivore,3.533550772,4
Ostorhinchus parvulus,Planktivore,3.2,3
Ostorhinchus properuptus,Invertivore,3.533550772,4
Ostorhinchus rubrimacula,Invertivore,3.533550772,4
Ostorhinchus rueppellii,Invertivore,3.5,3
Ostorhinchus sealei,Planktivore,3.5,3
Ostorhinchus taeniophorus,Invertivore,3.5,3
Ostorhinchus wassinki,Invertivore,3.4,3
Ostracion cyanurus,Invertivore,3.2,3
Ostracion meleagris,Invertivore,2.9,2
Ostracion whitleyi,Invertivore,3.2,3
Othos dentex,Piscivore,4.5,5
Oxycercichthys veliferus,Invertivore,3.64375,4
Oxycheilinus bimaculatus,Invertivore,3.5,3
Oxycheilinus celebicus,Invertivore,3.8,4
Oxycheilinus digramma,Invertivore,3.130447761,3
Oxycheilinus lineatus,Invertivore,3.8,4
Oxycheilinus mentalis,Invertivore,3.8,4
Oxycheilinus orientalis,Invertivore,3.8,4
Oxycheilinus unifasciatus,Invertivore,4.1,5
Oxycirrhites typus,Invertivore,3.3,3
Oxyjulis californica,Invertivore,3.1,3
Oxylebius pictus,Invertivore,3.4,3
Oxymonacanthus longirostris,Corallivore,3.3,3
Pachymetopon aeneum,Grazer,3.2,3
Pachymetopon blochii,Grazer,3.4,3
Pachymetopon grande,Grazer,3,2
Pagellus acarne,Invertivore,3.5,3
Pagellus erythrinus,Invertivore,3.4,3
Pagrus auriga,Invertivore,3.4,3
Pagrus pagrus,Invertivore,3.7,4
Parablennius gattorugine,Omnivore,2.9,2
Parablennius incognitus,Grazer,2.4,1
Parablennius intermedius,Grazer,2.4,1
Parablennius laticlavius,Invertivore,3.3,3
Parablennius marmoreus,Grazer,2.5,1
Parablennius pilicornis,Grazer,3.2,3
Parablennius rouxi,Grazer,2.6,2
Parablennius sanguinolentus,Microphage,2.1,1
Parablennius serratolineatus,Grazer,2.615316206,2
Parablennius tasmanianus,Grazer,2.4,1
Parablennius zvonimiri,Grazer,2.4,1
Paracaesio sordida,Planktivore,2.8,2
Paracaesio xanthura,Planktivore,3.4,3
Paracanthurus hepatus,Omnivore,3.4,3
Paracentropyge multifasciata,Grazer,2.819349593,2
Parachaetodon ocellatus,Invertivore,2.8,2
Paracheilinus cyaneus,Planktivore,3.4,3
Paracheilinus mccoskeri,Planktivore,3.4,3
Paracheilinus nursalim,Planktivore,3.3,3
Paracheilinus octotaenia,Planktivore,3.4,3
Paracirrhites arcatus,Invertivore,3.6,4
Paracirrhites forsteri,Piscivore,4.3,5
Paracirrhites hemistictus,Invertivore,3.8,4
Paracirrhites nisus,Invertivore,3.5,3
Paracirrhites xanthus,Invertivore,3.5,3
Paragobiodon echinocephalus,Invertivore,3.1,3
Paragobiodon xanthosoma,Grazer,3.1,3
Parajulis poecilepterus,Invertivore,3.4,3
Paralabrax albomaculatus,Piscivore,4.5,5
Paralabrax auroguttatus,Piscivore,4.2,5
Paralabrax clathratus,Piscivore,3.9,4
Paralabrax maculatofasciatus,Piscivore,4.2,5
Paralabrax nebulifer,Piscivore,3.5,3
Paraluteres prionurus,Omnivore,2.7,2
Paramonacanthus japonicus,Grazer,2.8,2
Paranotothenia magellanica,Invertivore,3.4,3
Paranthias colonus,Planktivore,3.8,4
Paranthias furcifer,Planktivore,3.1,3
Parapercis australis,Invertivore,3.5,3
Parapercis clathrata,Invertivore,3.6,4
Parapercis colias,Invertivore,3.9,4
Parapercis haackei,Invertivore,3.4,3
Parapercis hexophtalma,Invertivore,3.6,4
Parapercis lineopunctata,Invertivore,3.9,4
Parapercis millepunctata,Invertivore,3.5,3
Parapercis multiplicata,Invertivore,3.5,3
Parapercis pacifica,Invertivore,3.5,3
Parapercis queenslandica,Invertivore,3.6,4
Parapercis ramsayi,Invertivore,3.5,3
Parapercis schauinslandii,Invertivore,3.4,3
Parapercis snyderi,Invertivore,3.4,3
Parapercis stricticeps,Invertivore,3.5,3
Parapercis tetracantha,Invertivore,3.6,4
Parapercis xanthogramma,Invertivore,3.5,3
Parapercis xanthozona,Invertivore,3.6,4
Paraplesiops bleekeri,Invertivore,3.8,4
Paraplesiops meleagris,Invertivore,4,4
Paraplesiops poweri,Invertivore,3.6,4
Paraplotosus butleri,Invertivore,3.4,3
Paraplotosus muelleri,Invertivore,3.4,3
Parapriacanthus dispar,Planktivore,3.4,3
Parapriacanthus elongatus,Invertivore,3.5,3
Parapriacanthus ransonneti,Invertivore,3.4,3
Parapristipoma octolineatum,Invertivore,3.6,4
Parapristipoma trilineatum,Invertivore,3.4,3
Parascorpis typus,Invertivore,3.2,3
Paratrachichthys trailli,Planktivore,3.5,3
Pareques acuminatus,Invertivore,3.6,4
Pareques perissa,Invertivore,3.5,3
Pareques viola,Invertivore,3.5,3
Parequula melbournensis,Invertivore,3.3,3
Parioglossus dotui,Planktivore,3.2,3
Parioglossus interruptus,Planktivore,3.1,3
Paristiopterus gallipavo,Invertivore,3.5,3
Parma alboscapularis,Grazer,2,1
Parma bicolor,Grazer,2.7,2
Parma kermadecensis,Grazer,2.7,2
Parma mccullochi,Grazer,2.8,2
Parma microlepis,Grazer,2.7,2
Parma occidentalis,Grazer,2.7,2
Parma oligolepis,Grazer,2.7,2
Parma polylepis,Grazer,2.7,2
Parma unifasciata,Grazer,2.7,2
Parma victoriae,Grazer,2.8,2
Parupeneus barberinoides,Invertivore,3.4,3
Parupeneus barberinus,Invertivore,3.4,3
Parupeneus chrysopleuron,Invertivore,3.5,3
Parupeneus ciliatus,Invertivore,3.5,3
Parupeneus crassilabris,Invertivore,3.5,3
Parupeneus cyclostomus,Piscivore,4.2,5
Parupeneus forsskali,Invertivore,3.3,3
Parupeneus heptacanthus,Invertivore,3.4,3
Parupeneus indicus,Invertivore,3.5,3
Parupeneus insularis,Invertivore,3.7,4
Parupeneus macronemus,Invertivore,3.5,3
Parupeneus multifasciatus,Invertivore,3.5,3
Parupeneus pleurostigma,Invertivore,3.4,3
Parupeneus porphyreus,Invertivore,3.5,3
Parupeneus spilurus,Invertivore,3.6,4
Patagonotothen cornucola,Invertivore,3.4,3
Patagonotothen longipes,Invertivore,3.6,4
Patagonotothen squamiceps,Invertivore,3.6,4
Patagonotothen tessellata,Invertivore,3.7,4
Patagonotothen wiltoni,Invertivore,3.5,3
Pelates octolineatus,Invertivore,2.6,2
Pelates quadrilineatus,Invertivore,3.5,3
Helotes sexlineatus,Invertivore,2,1
Pelsartia humeralis,Invertivore,3,2
Pempheris adspersa,Invertivore,3,2
Pempheris adusta,Invertivore,3.4,3
Pempheris affinis,Invertivore,3.4,3
Pempheris analis,Invertivore,3.4,3
Pempheris compressa,Invertivore,3.5,3
Pempheris klunzingeri,Invertivore,3.4,3
Pempheris mangula,Invertivore,3.4,3
Pempheris molucca,Invertivore,3.3,3
Pempheris multiradiata,Invertivore,3.5,3
Pempheris ornata,Invertivore,3.3,3
Pempheris oualensis,Invertivore,3.6,4
Pempheris schomburgkii,Invertivore,3.1,3
Pempheris schwenkii,Invertivore,3.4,3
Pempheris vanicolensis,Invertivore,3.5,3
Pentaceropsis recurvirostris,Invertivore,3,2
Pentapodus aureofasciatus,Invertivore,3.6,4
Pentapodus caninus,Invertivore,3.6,4
Pentapodus emeryii,Planktivore,3.633333333,4
Pentapodus paradiseus,Invertivore,3.7,4
Pentapodus porosus,Invertivore,3.6,4
Pentapodus trivittatus,Invertivore,3.6,4
Pentapodus vitta,Invertivore,3.6,4
Pervagor alternans,Omnivore,2.9,2
Pervagor aspricaudus,Omnivore,2.9,2
Pervagor janthinosoma,Omnivore,2.9,2
Pervagor marginalis,Omnivore,2.9,2
Pervagor melanocephalus,Omnivore,2.9,2
Petroscirtes breviceps,Omnivore,2.1,1
Petroscirtes fallax,Omnivore,2.2,1
Petroscirtes lupus,Grazer,2.1,1
Petroscirtes mitratus,Omnivore,2,1
Phanerodon atripes,Invertivore,3.4,3
Pholidapus dybowskii,Invertivore,3.1,3
Pholis crassispina,Planktivore,3.3,3
Pholis gunnellus,Planktivore,3.5,3
Phycodurus eques,Planktivore,3.3,3
Phyllogobius platycephalops,Invertivore,3.148550725,3
Phyllopteryx taeniolatus,Planktivore,3.5,3
Pictichromis porphyrea,Invertivore,3.5,3
Pictilabrus laticlavius,Invertivore,3.5,3
Pictilabrus viridis,Invertivore,3.4,3
Pinguipes brasilianus,Invertivore,3.8,4
Pinguipes chilensis,Invertivore,3.4,3
Plagiotremus azaleus,Invertivore,4.4,5
Plagiotremus ewaensis,Invertivore,4.2,5
Plagiotremus goslinei,Invertivore,4,4
Plagiotremus laudandus,Invertivore,4,4
Plagiotremus phenax,Invertivore,4,4
Plagiotremus rhinorhynchos,Invertivore,4.5,5
Plagiotremus tapeinosoma,Invertivore,3.8,4
Plagiotremus townsendi,Invertivore,3.8,4
Platax batavianus,Invertivore,3.5,3
Platax boersii,Invertivore,3.55,4
Platax orbicularis,Invertivore,3.3,3
Platax pinnatus,Invertivore,3.3,3
Platax teira,Invertivore,4,4
Platycephalus bassensis,Piscivore,4.3,5
Platycephalus endrachtensis,Piscivore,3.7,4
Platycephalus fuscus,Piscivore,4.1,5
Platycephalus laevigatus,Invertivore,4.1,5
Platycephalus richardsoni,Piscivore,3.9,4
Platycephalus speculator,Piscivore,3.9,4
Plectorhinchus albovittatus,Invertivore,3.9,4
Plectorhinchus chaetodonoides,Invertivore,3.8,4
Plectorhinchus chrysotaenia,Invertivore,3.5,3
Plectorhinchus diagrammus,Invertivore,3.4,3
Plectorhinchus flavomaculatus,Invertivore,4,4
Plectorhinchus gibbosus,Invertivore,3.6,4
Plectorhinchus lessonii,Invertivore,3.79981685,4
Plectorhinchus lineatus,Invertivore,3.9,4
Plectorhinchus multivittatus,Invertivore,4,4
Plectorhinchus picus,Invertivore,3.9,4
Plectorhinchus polytaenia,Invertivore,4,4
Plectorhinchus schotaf,Invertivore,3.8,4
Plectorhinchus vittatus,Invertivore,3.8,4
Plectranthias nanus,Piscivore,3.4,3
Plectroglyphidodon dickii,Invertivore,3.4,3
Plectroglyphidodon flaviventris,Invertivore,2.4,1
Plectroglyphidodon imparipennis,Invertivore,3.2,3
Plectroglyphidodon johnstonianus,Invertivore,3.4,3
Plectroglyphidodon leucozonus,Grazer,2,1
Plectroglyphidodon phoenixensis,Invertivore,2,1
Plectropomus areolatus,Piscivore,4.5,5
Plectropomus laevis,Piscivore,4.1,5
Plectropomus leopardus,Piscivore,4.5,5
Plectropomus maculatus,Piscivore,4.1,5
Plectropomus oligacanthus,Piscivore,4.230725624,5
Plectropomus pessuliferus,Piscivore,4.3,5
Pleuronichthys coenosus,Invertivore,3.2,3
Pleurosicya elongata,Invertivore,3.2,3
Pleurosicya mossambica,Grazer,3.1,3
Plotosus canius,Invertivore,3.5,3
Plotosus japonicus,Invertivore,3.5,3
Plotosus lineatus,Invertivore,3.5,3
Pogonoperca punctata,Invertivore,3.884353741,4
Pollachius pollachius,Piscivore,4.2,5
Pollachius virens,Piscivore,4.4,5
Pomacanthus arcuatus,Invertivore,2.9,2
Pomacanthus imperator,Omnivore,2.7,2
Pomacanthus navarchus,Invertivore,2.7,2
Pomacanthus paru,Invertivore,2.8,2
Pomacanthus semicirculatus,Omnivore,2.5,1
Pomacanthus sexstriatus,Invertivore,2.6,2
Pomacanthus xanthometopon,Invertivore,2.7,2
Pomacanthus zonipectus,Invertivore,3.1,3
Pomacentrus adelus,Omnivore,2.7,2
Pomacentrus albimaculus,Grazer,2,1
Pomacentrus alexanderae,Omnivore,3.1,3
Pomacentrus alleni,Omnivore,2.7,2
Pomacentrus amboinensis,Omnivore,2.4,1
Pomacentrus aurifrons,Grazer,3.4,3
Pomacentrus auriventris,Omnivore,2.7,2
Pomacentrus australis,Omnivore,2.7,2
Pomacentrus baenschi,Grazer,2.6,2
Pomacentrus bankanensis,Omnivore,2,1
Pomacentrus brachialis,Omnivore,2.6,2
Pomacentrus burroughi,Grazer,2,1
Pomacentrus caeruleus,Omnivore,2.7,2
Pomacentrus callainus,Omnivore,2.7,2
Pomacentrus chrysurus,Omnivore,2.6,2
Pomacentrus coelestis,Omnivore,3.2,3
Pomacentrus cuneatus,Omnivore,2.7,2
Pomachromis fuscidorsalis,Omnivore,2.74490947,2
Pomacentrus grammorhynchus,Grazer,2.7,2
Pomacentrus imitator,Omnivore,2.6,2
Pomacentrus indicus,Omnivore,2.6,2
Pomacentrus lepidogenys,Omnivore,3.4,3
Pomacentrus limosus,Grazer,2.8,2
Pomacentrus microspilus,Omnivore,2.7,2
Pomacentrus milleri,Omnivore,2.8,2
Pomacentrus moluccensis,Omnivore,2.4,1
Pomacentrus nagasakiensis,Omnivore,2.3,1
Pomacentrus nigromanus,Grazer,3.2,3
Pomacentrus nigromarginatus,Omnivore,2.6,2
Pomacentrus opisthostigma,Planktivore,2.7,2
Pomacentrus pavo,Omnivore,3,2
Pomacentrus philippinus,Omnivore,2.7,2
Pomacentrus reidi,Omnivore,2.6,2
Pomacentrus simsiang,Grazer,2.7,2
Pomacentrus smithi,Planktivore,2.72,2
Pomacentrus spilotoceps,Omnivore,2.7,2
Pomacentrus sulfureus,Omnivore,2.6,2
Pomacentrus trichrourus,Omnivore,2.7,2
Pomacentrus trilineatus,Omnivore,2.6,2
Pomacentrus tripunctatus,Omnivore,2,1
Pomacentrus vaiuli,Omnivore,3.1,3
Pomacentrus wardi,Grazer,2,1
Pomachromis richardsoni,Planktivore,3,2
Pomadasys incisus,Invertivore,3.8,4
Pomatomus saltatrix,Piscivore,4.5,5
Pomatoschistus minutus,Invertivore,3.2,3
Pomatoschistus pictus,Planktivore,3.1,3
Porichthys notatus,Invertivore,4,4
Priacanthus blochii,Piscivore,4,4
Priacanthus hamrur,Invertivore,3.6,4
Prionurus laticlavius,Grazer,2.7,2
Prionurus maculatus,Grazer,2,1
Prionurus microlepidotus,Grazer,2.7,2
Prionurus punctatus,Grazer,2,1
Prionurus scalprum,Grazer,2,1
Pristiapogon exostigma,Invertivore,3.7,4
Pristiapogon fraenatus,Invertivore,3.5,3
Pristiapogon kallopterus,Invertivore,3.533550772,4
Pristicon rhodopterus,Invertivore,3.533550772,4
Pristicon trimaculatus,Invertivore,3.5,3
Prognathodes aculeatus,Invertivore,3.2,3
Prognathodes falcifer,Invertivore,3.3,3
Prolatilus jugularis,Invertivore,3.7,4
Psammoperca waigiensis,Invertivore,4,4
Pseudanthias hiva,Planktivore,3.4,3
Pseudanthias huchtii,Planktivore,3.4,3
Pseudanthias hypselosoma,Planktivore,3.5,3
Pseudanthias ignitus,Planktivore,3.1,3
Pseudanthias mooreanus,Planktivore,3.3,3
Pseudanthias olivaceus,Planktivore,3.4,3
Pseudanthias pictilis,Planktivore,3.4,3
Pseudanthias pleurotaenia,Planktivore,3.4,3
Pseudanthias rubrizonatus,Planktivore,3.4,3
Pseudanthias squamipinnis,Planktivore,3.4,3
Pseudanthias taeniatus,Piscivore,3.4,3
Pseudobalistes flavimarginatus,Invertivore,3.4,3
Pseudobalistes fuscus,Invertivore,3.5,3
Pseudobalistes naufragium,Invertivore,3.4,3
Pseudoblennius cottoides,Piscivore,4.2,5
Pseudocaranx dentex,Invertivore,3.9,4
Pseudocaranx wrighti,Invertivore,3.4,3
Pseudocheilinops ataenia,Invertivore,3.4,3
Pseudocheilinus evanidus,Invertivore,3.5,3
Pseudocheilinus hexataenia,Invertivore,3.2,3
Pseudocheilinus ocellatus,Invertivore,3.5,3
Pseudocheilinus octotaenia,Invertivore,3.4,3
Pseudocheilinus tetrataenia,Invertivore,3.2,3
Pseudochromis ammeri,Invertivore,3.4,3
Pseudochromis bitaeniatus,Invertivore,3.7,4
Pseudochromis cyanotaenia,Invertivore,3.557142857,4
Pseudochromis elongatus,Invertivore,3.5,3
Pseudochromis flammicauda,Invertivore,3.3,3
Pseudochromis flavivertex,Invertivore,3.5,3
Pseudochromis fridmani,Invertivore,3.5,3
Pseudochromis fuscus,Invertivore,3.6,4
Pseudochromis marshallensis,Invertivore,3.5,3
Pseudochromis olivaceus,Invertivore,3.6,4
Pseudochromis perspicillatus,Invertivore,3.6,4
Pseudochromis springeri,Invertivore,3.5,3
Pseudochromis wilsoni,Invertivore,3.5,3
Pseudocoris aurantiofasciata,Invertivore,3.4,3
Pseudocoris bleekeri,Invertivore,3.4,3
Pseudocoris yamashiroi,Invertivore,3.4,3
Pseudodax moluccanus,Invertivore,2.8,2
Pseudojuloides atavai,Invertivore,3.4,3
Pseudojuloides cerasinus,Invertivore,3.3,3
Pseudojuloides elongatus,Invertivore,3.4,3
Pseudolabrus biserialis,Invertivore,3.5,3
Pseudolabrus fuentesi,Invertivore,3.4,3
Pseudolabrus guentheri,Invertivore,3.5,3
Pseudolabrus luculentus,Invertivore,3.5,3
Pseudolabrus miles,Invertivore,3.6,4
Pseudolabrus semifasciatus,Invertivore,3.5,3
Pseudolabrus sieboldi,Invertivore,3.1,3
Pseudopercis semifasciata,Piscivore,3.9,4
Pseudophycis bachus,Piscivore,4.5,5
Pseudophycis barbata,Invertivore,3.5,3
Pseudopleuronectes americanus,Invertivore,3.6,4
Pseudopleuronectes schrenki,Invertivore,3.2,3
Pseudorhombus jenynsii,Piscivore,3.5,3
Pseudupeneus grandisquamis,Invertivore,3.3,3
Pseudupeneus maculatus,Invertivore,3.5,3
Pteragogus aurigarius,Invertivore,3.6,4
Pteragogus cryptus,Invertivore,3.5,3
Pteragogus enneacanthus,Invertivore,3.5,3
Pteragogus flagellifer,Invertivore,3.5,3
Ptereleotris calliura,Planktivore,3.4,3
Ptereleotris evides,Planktivore,3,2
Ptereleotris hanae,Planktivore,3.4,3
Ptereleotris heteroptera,Planktivore,3.4,3
Ptereleotris microlepis,Planktivore,3.4,3
Ptereleotris monoptera,Planktivore,3.4,3
Ptereleotris zebra,Planktivore,3.4,3
Pterocaesio chrysozona,Planktivore,3.4,3
Pterocaesio digramma,Planktivore,3.4,3
Pterocaesio marri,Planktivore,3.4,3
Pterocaesio pisang,Planktivore,3.4,3
Pterocaesio randalli,Planktivore,3.4,3
Pterocaesio tessellata,Planktivore,3.4,3
Pterocaesio tile,Planktivore,3.3,3
Pterocaesio trilineata,Planktivore,3.4,3
Pterogobius zacalles,Invertivore,3,2
Pterogymnus laniarius,Invertivore,3.7,4
Pterois antennata,Piscivore,3.6,4
Pterois miles,Piscivore,3.7,4
Pterois radiata,Piscivore,3.6,4
Pterois volitans,Piscivore,4.5,5
Pygoplites diacanthus,Invertivore,2.7,2
Rachycentron canadum,Piscivore,4,4
Rastrelliger kanagurta,Piscivore,3.2,3
Remora remora,Invertivore,3.1,3
Rhabdamia gracilis,Invertivore,3.3,3
Rhabdosargus holubi,Omnivore,2.6,2
Rhabdosargus sarba,Invertivore,3.4,3
Rhacochilus toxotes,Invertivore,3.4,3
Rhinecanthus aculeatus,Invertivore,3.3,3
Rhinecanthus assasi,Invertivore,3.5,3
Rhinecanthus lunula,Invertivore,3.3,3
Rhinecanthus rectangulus,Invertivore,3.1,3
Rhinecanthus verrucosus,Invertivore,3.3,3
Rhinogobiops nicholsii,Invertivore,3.4,3
Rhinomuraena quaesita,Piscivore,4.5,5
Rhombosolea tapirina,Invertivore,3.1,3
Rhycherus filamentosus,Piscivore,4.2,5
Rhynchostracion nasus,Invertivore,3.182352941,3
Ruanoho whero,Invertivore,3.3,3
Rypticus bicolor,Piscivore,4,4
Rypticus nigripinnis,Piscivore,3.9,4
Rypticus saponaceus,Piscivore,4.1,5
Salarias alboguttatus,Grazer,2,1
Salarias ceramensis,Grazer,2,1
Salarias fasciatus,Grazer,2,1
Salarias guttatus,Grazer,2,1
Salarias segmentatus,Grazer,2,1
Salmo salar,Piscivore,4.4,5
Sarda australis,Piscivore,4.5,5
Sarda orientalis,Piscivore,4.2,5
Sarda sarda,Piscivore,4.5,5
Sardina pilchardus,Planktivore,3.1,3
Sardinella aurita,Planktivore,3.4,3
Sargocentron caudimaculatum,Invertivore,3.9,4
Sargocentron cornutum,Invertivore,3.6,4
Sargocentron diadema,Invertivore,3.4,3
Sargocentron hormion,Invertivore,3.5,3
Sargocentron ittodai,Invertivore,3.6,4
Sargocentron melanospilos,Invertivore,4,4
Sargocentron microstoma,Invertivore,3.6,4
Sargocentron rubrum,Invertivore,3.5,3
Sargocentron spiniferum,Invertivore,3.5,3
Sargocentron suborbitale,Invertivore,3.5,3
Sargocentron tiere,Invertivore,3.5,3
Sargocentron tiereoides,Invertivore,3.6,4
Sargocentron violaceum,Invertivore,3.6,4
Sarpa salpa,Grazer,2,1
Saurida gracilis,Piscivore,4.2,5
Saurida nebulosa,Piscivore,4.2,5
Scaevius milii,Invertivore,4,4
Scarus altipinnis,Microphage,2,1
Scarus chameleon,Microphage,2,1
Scarus coelestinus,Microphage,2,1
Scarus coeruleus,Microphage,2,1
Scarus compressus,Microphage,2,1
Scarus dimidiatus,Microphage,2,1
Scarus falcipinnis,Microphage,2,1
Scarus ferrugineus,Microphage,2,1
Scarus festivus,Microphage,2,1
Scarus flavipectoralis,Microphage,2,1
Scarus forsteni,Microphage,2,1
Scarus frenatus,Microphage,2,1
Scarus fuscopurpureus,Microphage,2.1,1
Scarus ghobban,Microphage,2,1
Scarus globiceps,Microphage,2,1
Scarus guacamaia,Microphage,2,1
Scarus hypselopterus,Grazer,2.570754263,2
Scarus iseri,Microphage,2,1
Scarus koputea,Microphage,2.1,1
Scarus longipinnis,Microphage,2,1
Scarus niger,Microphage,2,1
Scarus oviceps,Microphage,2,1
Scarus perrico,Microphage,2,1
Scarus prasiognathos,Microphage,2,1
Scarus psittacus,Microphage,2,1
Scarus quoyi,Microphage,2,1
Scarus rivulatus,Microphage,2,1
Scarus rubroviolaceus,Microphage,2,1
Scarus russelii,Microphage,2,1
Scarus scaber,Microphage,2,1
Scarus schlegeli,Microphage,2,1
Scarus spinus,Microphage,2,1
Scarus taeniopterus,Microphage,2,1
Scarus tricolor,Microphage,2,1
Scarus trispinosus,Microphage,2,1
Scarus vetula,Microphage,2,1
Scarus viridifucatus,Microphage,2,1
Scarus xanthopleura,Grazer,2.572721358,2
Scarus zelindae,Microphage,2,1
Schuettea scalaripinnis,Planktivore,3.4,3
Schuettea woodwardi,Planktivore,3.4,3
Sciaena umbra,Piscivore,3.7,4
Scobinichthys granulatus,Grazer,2.8,2
Scolecenchelys breviceps,Piscivore,4.5,5
Scolopsis affinis,Invertivore,3.3,3
Scolopsis aurata,Invertivore,3.4,3
Scolopsis bilineata,Invertivore,3.6,4
Scolopsis ciliata,Invertivore,3.7,4
Scolopsis frenata,Invertivore,3.3,3
Scolopsis ghanam,Invertivore,3.6,4
Scolopsis lineata,Invertivore,3.2,3
Scolopsis margaritifera,Invertivore,3.536842105,4
Scolopsis monogramma,Invertivore,3.5,3
Scolopsis temporalis,Grazer,3.5,3
Scolopsis trilineata,Invertivore,3.4,3
Scolopsis vosmeri,Invertivore,3.5,3
Scomber australasicus,Piscivore,4.2,5
Scomber colias,Piscivore,3.9,4
Scomberoides commersonnianus,Piscivore,4.3,5
Scomberoides lysan,Piscivore,4.5,5
Scomberomorus commerson,Piscivore,4.5,5
Scomberomorus maculatus,Piscivore,4.5,5
Scomberomorus queenslandicus,Piscivore,4.26,5
Scomberomorus regalis,Piscivore,4.5,5
Scomberomorus sierra,Piscivore,4.5,5
Scombrops boops,Piscivore,4.5,5
Scorpaena canariensis,Invertivore,3.5,3
Scorpaena cardinalis,Invertivore,3.5,3
Scorpaena guttata,Invertivore,3.8,4
Scorpaena histrio,Invertivore,3.7,4
Scorpaena jacksoniensis,Invertivore,3.7,4
Scorpaena maderensis,Invertivore,4.1,5
Scorpaena mystes,Invertivore,3.8,4
Scorpaena notata,Piscivore,3.5,3
Scorpaena papillosa,Invertivore,4,4
Scorpaena plumieri,Piscivore,3.8,4
Scorpaena porcus,Piscivore,3.9,4
Scorpaena scrofa,Piscivore,4.3,5
Scorpaena sumptuosa,Invertivore,3.8,4
Scorpaenichthys marmoratus,Invertivore,3.6,4
Scorpaenodes evides,Piscivore,3.777391304,4
Scorpaenodes parvipinnis,Piscivore,3.777391304,4
Scorpaenodes scaber,Invertivore,3.6,4
Scorpaenopsis cirrosa,Piscivore,4,4
Scorpaenopsis diabolus,Piscivore,4.2,5
Scorpaenopsis neglecta,Piscivore,4.1,5
Scorpaenopsis papuensis,Piscivore,4.2,5
Scorpaenopsis possi,Piscivore,4.2,5
Scorpis aequipinnis,Planktivore,3.3,3
Scorpis georgiana,Planktivore,3,2
Scorpis lineolata,Planktivore,3.3,3
Scorpis violacea,Planktivore,3.3,3
Sebastapistes cyanostigma,Invertivore,3.8,4
Sebastapistes strongia,Invertivore,3.6,4
Sebastes atrovirens,Invertivore,3.4,3
Sebastes auriculatus,Piscivore,4,4
Sebastes carnatus,Piscivore,3.6,4
Sebastes caurinus,Piscivore,4.1,5
Sebastes chrysomelas,Piscivore,3.5,3
Sebastes flavidus,Piscivore,4.1,5
Sebastes inermis,Invertivore,3.1,3
Sebastes maliger,Piscivore,3.8,4
Sebastes mystinus,Piscivore,2.8,2
Sebastes oculatus,Piscivore,3.6,4
Sebastes paucispinis,Piscivore,3.5,3
Sebastes rastrelliger,Piscivore,3.9,4
Sebastes rosaceus,Piscivore,3.7,4
Sebastes serranoides,Piscivore,3.9,4
Sebastes serriceps,Piscivore,3.6,4
Sebastiscus albofasciatus,Invertivore,3.5,3
Sebastiscus marmoratus,Invertivore,3.6,4
Selar boops,Planktivore,3.5,3
Selar crumenophthalmus,Piscivore,4.1,5
Selaroides leptolepis,Planktivore,3.5,3
Semicossyphus darwini,Invertivore,3.8,4
Semicossyphus pulcher,Invertivore,3.6,4
Seriola dumerili,Piscivore,4.5,5
Seriola hippos,Piscivore,4.4,5
Seriola lalandi,Piscivore,4.1,5
Seriola rivoliana,Piscivore,4.5,5
Seriolella brama,Planktivore,3.3,3
Serranocirrhitus latus,Invertivore,3.4,3
Serranus atricauda,Piscivore,4.3,5
Dules auriga,Invertivore,3.6,4
Serranus baldwini,Invertivore,4.1,5
Serranus cabrilla,Invertivore,3.4,3
Serranus flaviventris,Invertivore,3.4,3
Serranus psittacinus,Invertivore,3.6,4
Serranus scriba,Invertivore,3.8,4
Serranus tabacarius,Piscivore,4.2,5
Serranus tico,Invertivore,3.884353741,4
Serranus tigrinus,Invertivore,3.7,4
Serranus tortugarum,Planktivore,3.08,3
Siganus argenteus,Grazer,2,1
Siganus canaliculatus,Grazer,2.8,2
Siganus corallinus,Grazer,2,1
Siganus doliatus,Grazer,2,1
Siganus fuscescens,Grazer,2.3,1
Siganus guttatus,Grazer,2.7,2
Siganus javus,Grazer,2.4,1
Siganus lineatus,Grazer,2,1
Siganus luridus,Grazer,2,1
Siganus puelloides,Grazer,2.7,2
Siganus puellus,Grazer,3,2
Siganus punctatissimus,Grazer,2,1
Siganus punctatus,Grazer,2.8,2
Siganus rivulatus,Grazer,2,1
Siganus spinus,Grazer,2,1
Siganus stellatus,Grazer,2.7,2
Siganus trispilos,Grazer,2.2,1
Siganus vermiculatus,Grazer,2,1
Siganus virgatus,Grazer,2,1
Siganus vulpinus,Grazer,2.7,2
Signigobius biocellatus,Invertivore,3.5,3
Sillaginodes punctatus,Invertivore,3.3,3
Sillago ciliata,Invertivore,3.2,3
Siphamia cephalotes,Invertivore,3.4,3
Siphamia roseigaster,Invertivore,3.4,3
Siphamia tubifer,Invertivore,3.4,3
Siphonognathus argyrophanes,Omnivore,2.6,2
Siphonognathus attenuatus,Omnivore,2.7,2
Siphonognathus beddomei,Omnivore,2.7,2
Siphonognathus caninis,Omnivore,2.7,2
Siphonognathus radiatus,Omnivore,2.7,2
Solea solea,Invertivore,3.1,3
Solenostomus paradoxus,Planktivore,3.6,4
Sparisoma amplum,Microphage,2,1
Sparisoma atomarium,Microphage,2,1
Sparisoma aurofrenatum,Microphage,2,1
Sparisoma axillare,Microphage,2,1
Sparisoma chrysopterum,Microphage,2,1
Sparisoma cretense,Microphage,2.9,2
Sparisoma frondosum,Microphage,2,1
Sparisoma radians,Microphage,2,1
Sparisoma rubripinne,Microphage,2,1
Sparisoma viride,Microphage,2,1
Sparodon durbanensis,Invertivore,3.4,3
Sphaeramia nematoptera,Planktivore,3.2,3
Sphoeroides annulatus,Grazer,3.1,3
Sphoeroides lobatus,Grazer,3.2,3
Sphoeroides marmoratus,Grazer,3.2,3
Sphoeroides spengleri,Invertivore,3.2,3
Sphyraena barracuda,Piscivore,4.5,5
Sphyraena ensis,Piscivore,4.5,5
Sphyraena flavicauda,Piscivore,3.8,4
Sphyraena helleri,Piscivore,4.5,5
Sphyraena idiastes,Piscivore,4.5,5
Sphyraena jello,Piscivore,4.5,5
Sphyraena novaehollandiae,Piscivore,4.5,5
Sphyraena obtusata,Piscivore,4.5,5
Sphyraena putnamae,Piscivore,4.5,5
Sphyraena qenie,Piscivore,4.5,5
Sphyraena viridensis,Piscivore,4.3,5
Spicara maena,Invertivore,4.2,5
Spondyliosoma cantharus,Invertivore,3.3,3
Spondyliosoma emarginatum,Invertivore,2.8,2
Spratelloides gracilis,Planktivore,3.4,3
Spratelloides robustus,Planktivore,3.4,3
Squamicreedia obtusa,Invertivore,3.6,4
Stanulus talboti,Grazer,2,1
Stegastes acapulcoensis,Grazer,2,1
Stegastes adustus,Grazer,2.5,1
Stegastes albifasciatus,Grazer,2,1
Stegastes arcifrons,Grazer,3,2
Stegastes beebei,Grazer,3,2
Stegastes diencaeus,Grazer,2,1
Stegastes flavilatus,Grazer,2,1
Stegastes fuscus,Grazer,3.3,3
Stegastes leucorus,Omnivore,2,1
Stegastes leucostictus,Grazer,3.1,3
Stegastes nigricans,Grazer,2.2,1
Stegastes partitus,Grazer,2,1
Stegastes pictus,Grazer,2,1
Stegastes planifrons,Grazer,2.6,2
Stegastes punctatus,Grazer,2.357470305,1
Stegastes rectifraenum,Planktivore,2,1
Stegastes variabilis,Grazer,2.5,1
Stephanolepis cirrhifer,Omnivore,2.8,2
Stethojulis albovittata,Invertivore,3.6,4
Stethojulis balteata,Invertivore,3.2,3
Stethojulis bandanensis,Invertivore,3.2,3
Stethojulis interrupta,Invertivore,3.5,3
Stethojulis marquesensis,Invertivore,3.2,3
Stethojulis strigiventer,Invertivore,3.2,3
Stethojulis terina,Invertivore,3.5,3
Stethojulis trilineata,Invertivore,3.2,3
Stigmatopora macropterygia,Invertivore,3.5,3
Strongylura incisa,Piscivore,4.2,5
Stygnobrotula latebricola,Planktivore,3.3,3
Suezichthys arquatus,Invertivore,3.5,3
Suezichthys aylingi,Invertivore,3.5,3
Suezichthys cyanolaemus,Invertivore,3.5,3
Suezichthys devisi,Invertivore,3.5,3
Sufflamen albicaudatum,Invertivore,3.3,3
Sufflamen bursa,Invertivore,3.1,3
Sufflamen chrysopterum,Invertivore,3.5,3
Sufflamen fraenatum,Invertivore,3.4,3
Sufflamen verres,Invertivore,3.3,3
Symphodus bailloni,Invertivore,3.5,3
Symphodus cinereus,Invertivore,3.3,3
Symphodus doderleini,Invertivore,3.4,3
Symphodus mediterraneus,Invertivore,3.1,3
Symphodus melops,Grazer,3.4,3
Symphodus ocellatus,Invertivore,3.3,3
Symphodus roissali,Invertivore,3.5,3
Symphodus rostratus,Invertivore,3.5,3
Symphodus tinca,Invertivore,3.1,3
Symphorichthys spilurus,Piscivore,3.8,4
Symphorus nematophorus,Piscivore,4.1,5
Synanceia horrida,Piscivore,4.3,5
Synanceia verrucosa,Piscivore,4.2,5
Synchiropus bartelsi,Invertivore,3.2,3
Synchiropus moyeri,Invertivore,3.4,3
Synchiropus splendidus,Invertivore,3.3,3
Synchiropus stellatus,Invertivore,3.4,3
Synchirus gilli,Invertivore,3.5,3
Synodus binotatus,Piscivore,4,4
Synodus capricornis,Piscivore,4.1,5
Synodus dermatogenys,Piscivore,4.2,5
Synodus intermedius,Piscivore,4.2,5
Synodus jaculum,Piscivore,4,4
Synodus lacertinus,Piscivore,4.2,5
Synodus rubromarmoratus,Piscivore,4,4
Synodus sageneus,Piscivore,4.1,5
Synodus saurus,Piscivore,4.5,5
Synodus synodus,Piscivore,4.2,5
Synodus ulae,Piscivore,4.2,5
Synodus variegatus,Piscivore,4.2,5
Taeniamia biguttata,Planktivore,3.6,4
Taenianotus triacanthus,Invertivore,4.1,5
Takifugu alboplumbeus,Invertivore,3.3,3
Taurulus bubalis,Invertivore,3.6,4
Tautoga onitis,Invertivore,3.3,3
Tautogolabrus adspersus,Invertivore,3.5,3
Tetractenos glaber,Invertivore,3.2,3
Thalassoma amblycephalum,Planktivore,3.1,3
Thalassoma bifasciatum,Invertivore,3.3,3
Thalassoma cupido,Invertivore,3.3,3
Thalassoma duperrey,Invertivore,3.4,3
Thalassoma grammaticum,Planktivore,3.5,3
Thalassoma hardwicke,Invertivore,3.6,4
Thalassoma hebraicum,Planktivore,3.5,3
Thalassoma heiseri,Planktivore,3.4,3
Thalassoma jansenii,Invertivore,3.3,3
Thalassoma lucasanum,Planktivore,3.5,3
Thalassoma lunare,Invertivore,3.5,3
Thalassoma lutescens,Invertivore,3.4,3
Thalassoma nigrofasciatum,Planktivore,3.5,3
Thalassoma pavo,Planktivore,3.5,3
Thalassoma purpureum,Invertivore,3.6,4
Thalassoma quinquevittatum,Planktivore,3.6,4
Thalassoma rueppellii,Planktivore,3.5,3
Thalassoma septemfasciatum,Planktivore,3.5,3
Thalassoma trilobatum,Invertivore,3.6,4
Thamnaconus analis,Omnivore,3.4,3
Thorogobius ephippiatus,Invertivore,3,2
Chironemus maculosus,Invertivore,3.5,3
Thunnus albacares,Piscivore,4.3,5
Thyrsites atun,Piscivore,3.7,4
Tilodon sexfasciatus,Invertivore,3.3,3
Torquigener pleurogramma,Invertivore,3.3,3
Torquigener squamicauda,Invertivore,3.2,3
Trachichthys australis,Planktivore,3.6,4
Trachinops brauni,Invertivore,3.7,4
Trachinops caudimaculatus,Invertivore,4,4
Trachinops noarlungae,Invertivore,4,4
Trachinops taeniatus,Invertivore,4,4
Trachinotus anak,Invertivore,3.7,4
Trachinotus baillonii,Invertivore,3.6,4
Trachinotus blochii,Invertivore,3.7,4
Trachinotus ovatus,Invertivore,3.7,4
Trachinotus rhodopus,Invertivore,4,4
Trachinotus stilbe,Invertivore,3.6,4
Trachinus draco,Piscivore,4.2,5
Trachurus declivis,Piscivore,3.9,4
Trachurus japonicus,Piscivore,3.4,3
Trachurus novaezelandiae,Piscivore,3.2,3
Trachurus symmetricus,Planktivore,3.6,4
Trachurus trachurus,Piscivore,3.6,4
Trachypoma macracanthus,Piscivore,3.5,3
Tragulichthys jaculiferus,Invertivore,3.5,3
Trianectes bucephalus,Invertivore,3.3,3
Tridentiger trigonocephalus,Invertivore,3.3,3
Trimma anaima,Grazer,2.788657522,2
Trimma benjamini,Invertivore,3,2
Trimma caesiura,Invertivore,3,2
Trimma cana,Grazer,2.805404568,2
Trimma lantana,Invertivore,3,2
Trimma okinawae,Invertivore,3,2
Trimma striatum,Invertivore,3,2
Trimma taylori,Invertivore,3.148550725,3
Trimma tevegae,Invertivore,3.148550725,3
Trinorfolkia clarkei,Invertivore,3.3,3
Trinorfolkia cristata,Invertivore,3.2,3
Tripterygion delaisi,Invertivore,3.4,3
Trisopterus luscus,Piscivore,3.7,4
Trisopterus minutus,Invertivore,3.8,4
Ucla xenogrammus,Invertivore,3.2,3
Ulua mentalis,Piscivore,3.7,4
Upeneichthys lineatus,Invertivore,3.4,3
Upeneichthys vlamingii,Invertivore,3.5,3
Upeneus moluccensis,Invertivore,3.6,4
Upeneus tragula,Invertivore,3.6,4
Uraspis helvola,Planktivore,3.8,4
Uropterygius nagoensis,Piscivore,3.6,4
Valenciennea alleni,Invertivore,3,2
Valenciennea decora,Invertivore,3.2,3
Valenciennea helsdingenii,Invertivore,3.4,3
Valenciennea immaculata,Invertivore,3.2,3
Valenciennea longipinnis,Invertivore,3.1,3
Valenciennea muralis,Invertivore,3.5,3
Valenciennea parva,Invertivore,3.2,3
Valenciennea puellaris,Invertivore,3.3,3
Valenciennea randalli,Invertivore,3.2,3
Valenciennea sexguttata,Invertivore,3.2,3
Valenciennea strigata,Invertivore,4,4
Variola albimarginata,Piscivore,4.5,5
Variola louti,Piscivore,4.3,5
Vincentia conspersa,Invertivore,3.6,4
Vincentia novaehollandiae,Invertivore,3.5,3
Xanthichthys mento,Planktivore,4,4
Xyrichtys novacula,Invertivore,3.1,3
Xyrichtys splendens,Invertivore,3.17,3
Zabidius novemaculeatus,Invertivore,3.4,3
Zanclistius elevatus,Invertivore,3.4,3
Zanclus cornutus,Invertivore,2.9,2
Zebrasoma desjardinii,Grazer,2,1
Zebrasoma flavescens,Grazer,2,1
Zebrasoma rostratum,Grazer,2,1
Zebrasoma scopas,Grazer,2,1
Zebrasoma velifer,Grazer,2,1
Zebrasoma xanthurum,Grazer,2,1
Zeugopterus regius,Invertivore,3.4,3
Zeus faber,Piscivore,4.5,5
Zoarchias veneficus,Invertivore,3.3,3
Zoramia fragilis,Invertivore,3.3,3
Zoramia viridiventer,Invertivore,3.3,3
Similiparma lurida,Planktivore,3.5,3
Acanthurus tractus,Grazer,2,1
Aetobatus ocellatus,Invertivore,3.2,3
Ostorhinchus capricornis,Invertivore,3.4,3
Ostorhinchus doederleini,Invertivore,3.6,4
Ostorhinchus flavus,Invertivore,3.6,4
Ostorhinchus limenus,Invertivore,3.6,4
Ostorhinchus notatus,Invertivore,3.5,3
Ostorhinchus urostigmus,Invertivore,3.7,4
Ostorhinchus victoriae,Invertivore,3.5,3
Aptychotrema rostrata,Invertivore,3.9,4
Taeniamia macroptera,Planktivore,3.5,3
Arripis georgiana,Piscivore,4.3,5
Asymbolus analis,Invertivore,4.1,5
Aulohalaelurus labiosus,Piscivore,4,4
Brachaelurus waddi,Piscivore,3.9,4
Caranx bartholomaei,Piscivore,4.5,5
Carcharhinus albimarginatus,Piscivore,4.2,5
Carcharhinus amblyrhynchos,Piscivore,4.1,5
Carcharhinus brachyurus,Piscivore,4.23,5
Carcharhinus galapagensis,Piscivore,4.2,5
Carcharhinus melanopterus,Piscivore,3.9,4
Carcharhinus obscurus,Piscivore,4.5,5
Carcharhinus perezii,Piscivore,4.5,5
Carcharias taurus,Piscivore,4.5,5
Symphodus trutta,Invertivore,3.5,3
Cephaloscyllium laticeps,Piscivore,4.3,5
Morwong ephippium,Invertivore,3.5,3
Goniistius francisi,Invertivore,3.210526316,3
Morwong fuscus,Invertivore,3.4,3
Goniistius gibbosus,Invertivore,3.4,3
Pseudogoniistius nigripes,Invertivore,3.1,3
Goniistius rubrolabiatus,Invertivore,2.8,2
Chirodactylus spectabilis,Invertivore,3,2
Goniistius vestitus,Invertivore,3,2
Chiloscyllium punctatum,Piscivore,4.1,5
Chrysiptera caesifrons,Grazer,2.5,1
Hypanus americanus,Invertivore,3.5,3
Dasyatis brevis,Invertivore,3.8,4
Bathytoshia centroura,Invertivore,3.81,4
Hypanus longus,Invertivore,3.5,3
Bathytoshia lata,Invertivore,3.5,3
Dentiraja lemprieri,Piscivore,3.5,3
Diplodus argenteus,Invertivore,3,2
Diplodus cervinus,Invertivore,3,2
Diplodus sargus,Invertivore,3,2
Eucrossorhinus dasypogon,Piscivore,4,4
Galeocerdo cuvier,Piscivore,4.5,5
Ginglymostoma cirratum,Piscivore,3.8,4
Goniistius plessisi,Invertivore,2.7,2
Goniistius zebra,Invertivore,3.3,3
Goniistius zonatus,Invertivore,3.2,3
Haploblepharus edwardsii,Invertivore,3.8,4
Hemiscyllium ocellatum,Invertivore,3.4,3
Hemiscyllium trispeculare,Invertivore,3.5,3
Heterodontus francisci,Invertivore,3.2,3
Heterodontus galeatus,Invertivore,3.7,4
Heterodontus portusjacksoni,Invertivore,3.5,3
Heterodontus quoyi,Invertivore,3.5,3
Styracura schmardae,Invertivore,3.2,3
Hypnos monopterygius,Invertivore,3.7,4
Gobioclinus dendriticus,Invertivore,4,4
Chelon auratus,Grazer,2.5,1
Chelon ramada,Grazer,2.3,1
Chelon richardsonii,Planktivore,2.4,1
Mobula birostris,Planktivore,3.5,3
Mobula thurstoni,Planktivore,3.1,3
Monotaxis heterodon,Invertivore,3.582575758,4
Myliobatis aquila,Invertivore,3.6,4
Myliobatis australis,Invertivore,3.6,4
Myliobatis californica,Invertivore,3.1,3
Myliobatis tenuicaudatus,Invertivore,3.5,3
Nebrius ferrugineus,Piscivore,4.1,5
Negaprion acutidens,Piscivore,4.1,5
Neotrygon kuhlii,Invertivore,3.7,4
Neotrygon ningalooensis,Invertivore,3.671428571,4
Orectolobus halei,Piscivore,4,4
Orectolobus maculatus,Piscivore,4.2,5
Orectolobus ornatus,Piscivore,4,4
Orectolobus wardi,Piscivore,4,4
Ostorhinchus pallidofasciatus,Invertivore,3.5,3
Ostracion cubicum,Invertivore,3.4,3
Ostracion immaculatum,Invertivore,3.3,3
Ostracion solorense,Invertivore,3.2,3
Parascyllium ferrugineum,Piscivore,3.8,4
Parascyllium variolatum,Piscivore,3.8,4
Pastinachus ater,Invertivore,3.6,4
Pastinachus sephen,Invertivore,3.7,4
Patagonotothen brevicauda,Invertivore,3.4,3
Plectorhinchus caeruleonothus,Invertivore,3.79981685,4
Poroderma africanum,Invertivore,3.6,4
Verulux cypselurus,Invertivore,3.533550772,4
Lactophrys triqueter,Invertivore,3.182352941,3
Rhinoptera steindachneri,Invertivore,3.6,4
Scolopsis xenochrous,Invertivore,3.4,3
Kyphosus ocyurus,Invertivore,3.5,3
Sphyrna lewini,Piscivore,4.1,5
Spiniraja whitleyi,Piscivore,3.5,3
Stephanolepis hispida,Omnivore,2.2,1
Sutorectus tentaculatus,Piscivore,3.9,4
Centrolabrus melanocercus,Invertivore,3,2
Taeniamia fucata,Planktivore,3.5,3
Taeniamia leai,Planktivore,3.5,3
Taeniamia melasma,Planktivore,3.6,4
Taeniamia zosterophora,Planktivore,3.7,4
Taeniura lymma,Invertivore,3.6,4
Taeniurops meyeni,Piscivore,4.2,5
Thysanophrys cirronasus,Piscivore,4,4
Triaenodon obesus,Piscivore,4.2,5
Trimma macrophthalmus,Invertivore,3,2
Trygonoptera imitata,Invertivore,3.3,3
Trygonoptera mucosa,Invertivore,3.1,3
Trygonoptera ovalis,Invertivore,3.3,3
Trygonoptera personata,Invertivore,3.3,3
Trygonoptera testacea,Invertivore,3.8,4
Trygonorrhina fasciata,Invertivore,3.6,4
Tylosurus crocodilus,Piscivore,4.266666667,5
Urobatis concentricus,Invertivore,3.3,3
Urobatis halleri,Invertivore,3.2,3
Urobatis jamaicensis,Invertivore,3.6,4
Urobatis tumbesensis,Invertivore,3.3,3
Urolophus cruciatus,Invertivore,3.4,3
Urolophus gigas,Invertivore,3.6,4
Urolophus kapalensis,Invertivore,3.6,4
Urolophus paucimaculatus,Invertivore,3.7,4
Abudefduf spp,Planktivore,2.853846154,2
Acanthistius spp,Piscivore,4.066666667,5
Acanthurus spp,Grazer,2.261764706,1
Amblyeleotris spp,Invertivore,3.3625,3
Amblyglyphidodon spp,Omnivore,2.775,2
Amblygobius spp,Omnivore,2.704,2
Amphiprion spp,Omnivore,2.73,2
Anampses spp,Invertivore,3.427272727,3
Anisotremus spp,Invertivore,3.514285714,4
Apogon spp,Invertivore,3.49,3
Arothron spp,Invertivore,3.240842014,3
Bodianus spp,Invertivore,3.375363184,3
Bryaninops spp,Invertivore,3.09785628,3
Caesio spp,Planktivore,3.4,3
Calamus spp,Invertivore,3.36,3
Cantherhines spp,Invertivore,3.057142857,3
Canthigaster spp,Omnivore,2.956301062,2
Carangoides spp,Piscivore,4.316666667,5
Caranx spp,Piscivore,4.276,5
Carcharhinus spp,Piscivore,4.232857143,5
Centropyge spp,Grazer,2.75,2
Cephalopholis spp,Piscivore,4.153333333,5
Chaetodon spp,Corallivore,3.136923077,3
Chaetodontoplus spp,Invertivore,2.733333333,2
Cheilinus spp,Invertivore,3.528571429,4
Cheilodipterus spp,Planktivore,3.892186439,4
Chlorurus spp,Microphage,2.09420398,1
Choerodon spp,Invertivore,3.517361111,4
Chromis spp,Planktivore,3.056470588,3
Chrysiptera spp,Omnivore,2.635427709,2
Cirrhilabrus spp,Invertivore,3.375524476,3
Cirripectes spp,Grazer,2.061538462,1
Coris spp,Invertivore,3.342105263,3
Coryphopterus spp,Omnivore,2.771428571,2
Corythoichthys spp,Planktivore,3.414615385,3
Cryptocentrus spp,Invertivore,3.316666667,3
Ctenochaetus spp,Grazer,2.0625,1
Ctenogobiops spp,Invertivore,3.38563147,3
Dascyllus spp,Planktivore,2.832222222,2
Diplodus spp,Invertivore,3.028571429,3
Dischistodus spp,Grazer,2.016666667,1
Ecsenius spp,Grazer,2.036123498,1
Elacatinus spp,Invertivore,3.41,3
Enneapterygius spp,Invertivore,2.96931082,2
Epinephelus spp,Piscivore,3.88022074,4
Eubalichthys spp,Grazer,2.8,2
Eviota spp,Invertivore,3.082358915,3
Forsterygion spp,Invertivore,3.3,3
Fusigobius spp,Omnivore,3.116666667,3
Genicanthus spp,Planktivore,3.4,3
Girella spp,Grazer,2.19,1
Gobiodon spp,Invertivore,3.333333333,3
Gobius spp,Omnivore,3.183333333,3
Goniistius spp,Invertivore,3.087218045,3
Gymnothorax spp,Invertivore,4.036,5
Haemulon spp,Invertivore,3.45965812,3
Halichoeres spp,Invertivore,3.421711654,3
Helcogramma spp,Invertivore,3.083333333,3
Heniochus spp,Invertivore,3.4375,3
Heteroclinus spp,Invertivore,3.8,4
Hypoplectrus spp,Invertivore,3.822222222,4
Istigobius spp,Omnivore,3.1875,3
Kyphosus spp,Grazer,2.313131313,1
Labroides spp,Invertivore,3.86,4
Labropsis spp,Corallivore,3.368,3
Lethrinus spp,Invertivore,3.679506174,4
Lutjanus spp,Piscivore,4.045526316,5
Macropharyngodon spp,Invertivore,3.261492537,3
Malacoctenus spp,Invertivore,3.475,3
Meiacanthus spp,Invertivore,3.349277353,3
Meuschenia spp,Grazer,2.7,2
Mulloidichthys spp,Invertivore,3.48,3
Muraena spp,Invertivore,4.02,5
Mycteroperca spp,Piscivore,4.5,5
Myripristis spp,Planktivore,3.5,3
Naso spp,Grazer,2.342857143,1
Neoglyphidodon spp,Grazer,2.7975,2
Neopomacentrus spp,Planktivore,3.4,3
Notolabrus spp,Invertivore,3.471428571,3
Ostorhinchus spp,Invertivore,3.475422085,3
Ostracion spp,Invertivore,3.2,3
Oxycheilinus spp,Invertivore,3.70434968,4
Parablennius spp,Grazer,2.619574201,2
Paracirrhites spp,Invertivore,3.74,4
Paralabrax spp,Piscivore,4.06,5
Parapercis spp,Invertivore,3.558823529,4
Parma spp,Grazer,2.65,2
Parupeneus spp,Invertivore,3.526666667,4
Patagonotothen spp,Invertivore,3.533333333,4
Pempheris spp,Invertivore,3.371428571,3
Pentapodus spp,Invertivore,3.619047619,4
Pervagor spp,Omnivore,2.9,2
Plagiotremus spp,Invertivore,4.0875,5
Platax spp,Invertivore,3.53,4
Platycephalus spp,Piscivore,4,4
Plectorhinchus spp,Invertivore,3.799973836,4
Plectroglyphidodon spp,Invertivore,2.733333333,2
Plectropomus spp,Piscivore,4.288454271,5
Pomacanthus spp,Invertivore,2.75,2
Pomacentrus spp,Omnivore,2.65902439,2
Prionurus spp,Grazer,2.28,1
Pseudanthias spp,Planktivore,3.372727273,3
Pseudocheilinus spp,Invertivore,3.36,3
Pseudochromis spp,Invertivore,3.51978022,4
Pseudolabrus spp,Invertivore,3.442857143,3
Ptereleotris spp,Planktivore,3.342857143,3
Pterocaesio spp,Planktivore,3.3875,3
Rhinecanthus spp,Invertivore,3.3,3
Salarias spp,Grazer,2,1
Sargocentron spp,Invertivore,3.6,4
Scarus spp,Microphage,2.034448093,1
Scolopsis spp,Invertivore,3.456680162,3
Scomberomorus spp,Piscivore,4.452,5
Scorpaena spp,Invertivore,3.8,4
Scorpaenopsis spp,Piscivore,4.14,5
Sebastes spp,Piscivore,3.64,4
Serranus spp,Invertivore,3.746435374,4
Siganus spp,Grazer,2.315,1
Siphonognathus spp,Omnivore,2.68,2
Sparisoma spp,Microphage,2.09,1
Sphyraena spp,Piscivore,4.418181818,5
Stegastes spp,Grazer,2.385733547,1
Stethojulis spp,Invertivore,3.325,3
Sufflamen spp,Invertivore,3.32,3
Symphodus spp,Invertivore,3.36,3
Synchiropus spp,Invertivore,3.32,3
Synodus spp,Piscivore,4.158333333,5
Taeniamia spp,Planktivore,3.566666667,4
Thalassoma spp,Planktivore,3.452631579,3
Trachinotus spp,Invertivore,3.716666667,4
Trachurus spp,Piscivore,3.54,4
Trimma spp,Invertivore,2.989116354,2
Trygonoptera spp,Invertivore,3.36,3
Valenciennea spp,Invertivore,3.3,3
Zebrasoma spp,Grazer,2,1
